"ANCHORAGE TED STEVENS INTERNATIONAL AIRPORT, AK US (USW00026451)",,,,,,
Date,TAVG (Degrees Fahrenheit),TMAX (Degrees Fahrenheit),TMIN (Degrees Fahrenheit),PRCP (Inches),SNOW (Inches),SNWD (Inches)
1/1/1970,,37,30,0.09,0.9,0
1/2/1970,,31,7,0,0,1
1/3/1970,,14,1,0,0,1
1/4/1970,,19,-1,0,0,1
1/5/1970,,15,-5,0,0,1
1/6/1970,,8,-5,0,0,1
1/7/1970,,9,-5,0,0,1
1/8/1970,,14,,0,0,1
1/9/1970,,8,-3,0,0,1
1/10/1970,,9,-7,0,0.1,1
1/11/1970,,10,-10,0,0,1
1/12/1970,,9,-11,0,0,1
1/13/1970,,6,-4,0,0,1
1/14/1970,,6,-1,0,0,1
1/15/1970,,9,2,0,0,1
1/16/1970,,10,-2,0,0,1
1/17/1970,,7,-9,0,0,1
1/18/1970,,2,-12,0,0,1
1/19/1970,,12,-11,0.09,1,1
1/20/1970,,27,12,0,0,2
1/21/1970,,30,18,0,0,2
1/22/1970,,32,21,0,0,2
1/23/1970,,25,10,0,0,2
1/24/1970,,21,6,0,0,2
1/25/1970,,19,4,0.07,0.8,2
1/26/1970,,20,17,0,0.1,3
1/27/1970,,21,8,0.13,3,5
1/28/1970,,18,11,0.36,7.5,9
1/29/1970,,13,-8,0,0,13
1/30/1970,,17,3,0,0,13
1/31/1970,,23,12,0.12,2.7,12
2/1/1970,,22,14,0.04,0.4,13
2/2/1970,,29,18,0,0,11
2/3/1970,,26,10,0.19,5.4,11
2/4/1970,,17,12,0.01,0.1,13
2/5/1970,,25,16,0.11,1.1,12
2/6/1970,,36,25,0,0,13
2/7/1970,,34,29,0.01,0,12
2/8/1970,,36,25,0,0,10
2/9/1970,,28,16,0,0,8
2/10/1970,,33,27,0,0,8
2/11/1970,,41,24,0.01,0,7
2/12/1970,,36,23,0,0,7
2/13/1970,,35,27,0,0,7
2/14/1970,,36,27,0,0,6
2/15/1970,,41,32,0,0,6
2/16/1970,,41,24,0,0,6
2/17/1970,,35,27,0,0,6
2/18/1970,,36,31,0,0,6
2/19/1970,,38,26,0,0,6
2/20/1970,,36,21,0.09,1.7,8
2/21/1970,,35,17,0,0,7
2/22/1970,,45,32,0,0,7
2/23/1970,,42,33,0.03,0,5
2/24/1970,,44,33,0.08,0,4
2/25/1970,,40,32,0,0,3
2/26/1970,,35,28,0,0,3
2/27/1970,,35,27,0,0,2
2/28/1970,,35,29,0,0,2
3/1/1970,,35,28,0,0,2
3/2/1970,,36,20,0,0,2
3/3/1970,,31,18,0,0,2
3/4/1970,,27,19,0.11,1.4,3
3/5/1970,,31,21,0,0,4
3/6/1970,,42,27,0,0,3
3/7/1970,,40,30,0,0,3
3/8/1970,,34,22,0,0,2
3/9/1970,,33,17,0,0,2
3/10/1970,,42,29,0,0,2
3/11/1970,,43,27,0,0,2
3/12/1970,,43,25,0,0,1
3/13/1970,,37,25,0,0,1
3/14/1970,,40,32,0,0,1
3/15/1970,,45,34,0,0,1
3/16/1970,,44,33,0,0,1
3/17/1970,,49,38,0.04,0,1
3/18/1970,,43,39,0,0,1
3/19/1970,,43,33,0,0,0
3/20/1970,,43,36,0,0,0
3/21/1970,,46,33,0,0,0
3/22/1970,,42,28,0,0,0
3/23/1970,,45,29,0,0,0
3/24/1970,,39,29,0,0,0
3/25/1970,,48,31,0,0,0
3/26/1970,,48,40,0.02,0,0
3/27/1970,,41,36,0.01,0,0
3/28/1970,,49,36,0.04,0,0
3/29/1970,,42,35,0.05,0,0
3/30/1970,,46,37,0.02,0,0
3/31/1970,,46,35,0,0,0
4/1/1970,,38,28,0,0,0
4/2/1970,,38,22,0.07,1.5,0
4/3/1970,,29,23,0.09,1.1,2
4/4/1970,,26,19,0.03,0.7,2
4/5/1970,,30,18,0.02,0.2,3
4/6/1970,,36,20,0,0,2
4/7/1970,,39,22,0,0,1
4/8/1970,,38,22,0,0,1
4/9/1970,,41,25,0,0,1
4/10/1970,,34,26,0.03,0.6,0
4/11/1970,,37,25,0,0,1
4/12/1970,,43,32,0,0,0
4/13/1970,,42,33,0,0,0
4/14/1970,,49,33,0,0,0
4/15/1970,,49,35,0,0,0
4/16/1970,,50,38,0,0,0
4/17/1970,,49,38,0,0,0
4/18/1970,,46,31,0,0,0
4/19/1970,,49,33,0,0,0
4/20/1970,,46,41,0,0,0
4/21/1970,,43,36,0.02,0,0
4/22/1970,,44,34,0,0,0
4/23/1970,,46,31,0,0,0
4/24/1970,,48,33,0,0,0
4/25/1970,,46,30,0,0,0
4/26/1970,,45,27,0,0,0
4/27/1970,,48,37,0,0,0
4/28/1970,,53,36,0,0,0
4/29/1970,,50,38,0,0,0
4/30/1970,,48,37,0.01,0,0
5/1/1970,,49,34,0,0,0
5/2/1970,,50,33,0,0,0
5/3/1970,,52,33,0,0,0
5/4/1970,,49,31,0,0,0
5/5/1970,,49,33,0,0,0
5/6/1970,,53,37,0,0,0
5/7/1970,,53,36,0,0,0
5/8/1970,,57,35,0,0,0
5/9/1970,,63,39,0,0,0
5/10/1970,,62,41,0,0,0
5/11/1970,,62,40,0,0,0
5/12/1970,,57,41,0,0,0
5/13/1970,,64,38,0,0,0
5/14/1970,,48,43,0.27,0,0
5/15/1970,,53,43,0.16,0,0
5/16/1970,,53,42,0,0,0
5/17/1970,,57,42,0,0,0
5/18/1970,,56,37,0,0,0
5/19/1970,,59,42,0,0,0
5/20/1970,,60,43,0,0,0
5/21/1970,,59,44,0,0,0
5/22/1970,,58,45,0,0,0
5/23/1970,,56,45,0,0,0
5/24/1970,,57,37,0,0,0
5/25/1970,,57,41,0,0,0
5/26/1970,,64,37,0,0,0
5/27/1970,,56,43,0,0,0
5/28/1970,,57,47,0,0,0
5/29/1970,,54,46,0,0,0
5/30/1970,,59,47,0,0,0
5/31/1970,,62,43,0,0,0
6/1/1970,,60,48,0,0,0
6/2/1970,,63,48,0.01,0,0
6/3/1970,,62,45,0,0,0
6/4/1970,,62,49,0,0,0
6/5/1970,,63,41,0,0,0
6/6/1970,,71,45,0,0,0
6/7/1970,,71,52,0,0,0
6/8/1970,,58,51,0,0,0
6/9/1970,,56,47,0.18,0,0
6/10/1970,,63,49,0.09,0,0
6/11/1970,,56,51,0.02,0,0
6/12/1970,,56,49,0,0,0
6/13/1970,,54,46,0,0,0
6/14/1970,,61,49,0,0,0
6/15/1970,,50,45,0.33,0,0
6/16/1970,,59,44,0.01,0,0
6/17/1970,,58,43,0.03,0,0
6/18/1970,,56,51,0.02,0,0
6/19/1970,,60,52,0,0,0
6/20/1970,,59,50,0,0,0
6/21/1970,,60,48,0,0,0
6/22/1970,,63,48,0,0,0
6/23/1970,,64,45,0,0,0
6/24/1970,,61,54,0,0,0
6/25/1970,,64,54,0,0,0
6/26/1970,,64,54,0,0,0
6/27/1970,,62,54,0.05,0,0
6/28/1970,,59,52,0.11,0,0
6/29/1970,,64,49,0,0,0
6/30/1970,,61,52,0,0,0
7/1/1970,,69,49,0,0,0
7/2/1970,,64,57,0,0,0
7/3/1970,,66,52,0.01,0,0
7/4/1970,,60,48,0,0,0
7/5/1970,,60,51,0,0,0
7/6/1970,,64,50,0,0,0
7/7/1970,,71,50,0,0,0
7/8/1970,,68,57,0,0,0
7/9/1970,,62,53,0.1,0,0
7/10/1970,,62,52,0.05,0,0
7/11/1970,,59,53,0,0,0
7/12/1970,,62,51,0.01,0,0
7/13/1970,,60,49,0.02,0,0
7/14/1970,,64,52,0.03,0,0
7/15/1970,,58,50,0.01,0,0
7/16/1970,,64,45,0,0,0
7/17/1970,,67,46,0.01,0,0
7/18/1970,,54,51,0.19,0,0
7/19/1970,,54,51,0.09,0,0
7/20/1970,,59,47,0.02,0,0
7/21/1970,,57,47,0.59,0,0
7/22/1970,,61,49,0,0,0
7/23/1970,,63,54,0,0,0
7/24/1970,,68,54,0,0,0
7/25/1970,,68,51,0,0,0
7/26/1970,,74,53,0,0,0
7/27/1970,,68,54,0,0,0
7/28/1970,,64,56,0,0,0
7/29/1970,,59,54,0.26,0,0
7/30/1970,,58,54,0.03,0,0
7/31/1970,,56,54,0.61,0,0
8/1/1970,,62,52,0.2,0,0
8/2/1970,,59,54,0.02,0,0
8/3/1970,,65,52,0,0,0
8/4/1970,,64,48,0,0,0
8/5/1970,,63,54,0.14,0,0
8/6/1970,,64,48,0.01,0,0
8/7/1970,,59,51,0.29,0,0
8/8/1970,,59,45,0,0,0
8/9/1970,,62,45,0.01,0,0
8/10/1970,,64,47,0,0,0
8/11/1970,,66,47,0,0,0
8/12/1970,,68,53,0,0,0
8/13/1970,,58,53,0,0,0
8/14/1970,,63,50,0,0,0
8/15/1970,,60,53,0.1,0,0
8/16/1970,,56,53,0.08,0,0
8/17/1970,,59,50,0.27,0,0
8/18/1970,,59,47,0,0,0
8/19/1970,,62,50,0.03,0,0
8/20/1970,,55,51,0.25,0,0
8/21/1970,,58,50,0.37,0,0
8/22/1970,,54,51,0.19,0,0
8/23/1970,,53,45,0.09,0,0
8/24/1970,,57,44,0,0,0
8/25/1970,,62,41,0,0,0
8/26/1970,,67,42,0,0,0
8/27/1970,,63,42,0,0,0
8/28/1970,,55,48,0.02,0,0
8/29/1970,,56,51,0.05,0,0
8/30/1970,,55,53,0.11,0,0
8/31/1970,,63,46,0,0,0
9/1/1970,,66,47,0,0,0
9/2/1970,,63,50,0.03,0,0
9/3/1970,,60,44,0.12,0,0
9/4/1970,,54,48,0.33,0,0
9/5/1970,,57,43,0,0,0
9/6/1970,,57,45,0,0,0
9/7/1970,,54,38,0,0,0
9/8/1970,,51,34,0,0,0
9/9/1970,,52,29,0,0,0
9/10/1970,,56,29,0,0,0
9/11/1970,,51,46,0.17,0,0
9/12/1970,,56,48,0.02,0,0
9/13/1970,,57,47,0.01,0,0
9/14/1970,,56,48,0,0,0
9/15/1970,,60,41,0.02,0,0
9/16/1970,,55,48,0.05,0,0
9/17/1970,,56,44,0,0,0
9/18/1970,,54,40,0,0,0
9/19/1970,,50,34,0,0,0
9/20/1970,,48,31,0,0,0
9/21/1970,,48,32,0,0,0
9/22/1970,,47,27,0,0,0
9/23/1970,,47,26,0,0,0
9/24/1970,,47,34,0,0,0
9/25/1970,,44,41,0.13,0,0
9/26/1970,,46,42,0.05,0,0
9/27/1970,,46,38,0.02,0,0
9/28/1970,,47,41,0.12,0,0
9/29/1970,,48,43,0,0,0
9/30/1970,,50,42,0.04,0,0
10/1/1970,,50,46,0.23,0,0
10/2/1970,,46,34,0.11,0,0
10/3/1970,,41,25,0,0,0
10/4/1970,,42,22,0,0,0
10/5/1970,,39,24,0.02,0,0
10/6/1970,,41,35,0.3,0,0
10/7/1970,,48,38,0,0,0
10/8/1970,,50,42,0,0,0
10/9/1970,,42,36,0.07,0,0
10/10/1970,,48,30,0,0,0
10/11/1970,,43,36,0.05,0,0
10/12/1970,,48,40,0.01,0,0
10/13/1970,,48,41,0.07,0,0
10/14/1970,,42,34,0,0,0
10/15/1970,,34,27,0.1,1.9,1
10/16/1970,,34,26,0,0,1
10/17/1970,,33,18,0,0,1
10/18/1970,,29,18,0,0,0
10/19/1970,,31,20,0,0,0
10/20/1970,,31,19,0,0,0
10/21/1970,,24,18,0.04,0.9,0
10/22/1970,,23,19,0.07,0.8,2
10/23/1970,,21,11,0,0,1
10/24/1970,,20,4,0,0,1
10/25/1970,,22,,0,0,1
10/26/1970,,30,15,0,0,1
10/27/1970,,39,16,0,0,1
10/28/1970,,45,39,0,0,0
10/29/1970,,43,35,0.11,0.4,0
10/30/1970,,39,35,0.14,0.2,0
10/31/1970,,47,39,0.3,0,0
11/1/1970,,46,33,0,0,0
11/2/1970,,41,29,0,0,0
11/3/1970,,39,28,0.17,0,0
11/4/1970,,38,36,0.47,0,0
11/5/1970,,38,36,0.12,0,0
11/6/1970,,38,34,0,0,0
11/7/1970,,37,34,0,0,0
11/8/1970,,41,31,0,0,0
11/9/1970,,35,29,0,0,0
11/10/1970,,33,27,0,0,0
11/11/1970,,37,31,0,0,0
11/12/1970,,37,31,0,0,0
11/13/1970,,37,27,0,0,0
11/14/1970,,31,19,0,0,0
11/15/1970,,28,12,0,0,0
11/16/1970,,23,12,0,0,0
11/17/1970,,26,20,0.4,3.8,2
11/18/1970,,26,17,0,0,3
11/19/1970,,23,13,0,0,3
11/20/1970,,23,17,0.03,0.3,3
11/21/1970,,24,14,0.01,0.1,3
11/22/1970,,19,5,0,0,3
11/23/1970,,12,,0,0,3
11/24/1970,,20,12,0,0,3
11/25/1970,,26,17,0.01,0,3
11/26/1970,,20,5,0,0,3
11/27/1970,,27,15,0,0,3
11/28/1970,,27,19,0,0,2
11/29/1970,,19,9,0,0,2
11/30/1970,,11,-3,0,0,2
12/1/1970,,16,-4,0,0,2
12/2/1970,,11,-8,0,0,2
12/3/1970,,5,-12,0,0,2
12/4/1970,,12,-9,0,0,2
12/5/1970,,4,-12,0,0,2
12/6/1970,,13,-4,0.08,1.7,2
12/7/1970,,17,11,0,0,4
12/8/1970,,27,11,0,0,4
12/9/1970,,19,6,0,0,4
12/10/1970,,24,18,0,0,4
12/11/1970,,27,11,0,0,4
12/12/1970,,29,20,0,0,4
12/13/1970,,32,26,0,0,4
12/14/1970,,32,23,0.01,0.1,4
12/15/1970,,29,21,0.01,0.1,4
12/16/1970,,29,23,0,0,4
12/17/1970,,28,20,0.1,1,4
12/18/1970,,32,26,0.05,0.5,6
12/19/1970,,26,13,0,0,6
12/20/1970,,28,24,0,0,6
12/21/1970,,35,26,0.17,1.9,7
12/22/1970,,35,30,0.04,0.7,8
12/23/1970,,44,28,0.63,0.6,9
12/24/1970,,43,22,0.34,1.4,3
12/25/1970,,25,15,0.19,3.2,4
12/26/1970,,22,1,0,0,6
12/27/1970,,3,-6,0,0,5
12/28/1970,,3,-11,0,0,5
12/29/1970,,-2,-12,0,0,5
12/30/1970,,3,-12,0,0,5
12/31/1970,,1,-14,0,0,5
1/1/1971,,8,-12,0.03,1.2,6
1/2/1971,,24,6,0,0,6
1/3/1971,,30,24,0,0,6
1/4/1971,,37,30,0.17,0,6
1/5/1971,,41,33,0.04,0,5
1/6/1971,,33,11,0,0,2
1/7/1971,,17,5,0,0,2
1/8/1971,,18,2,0,0,2
1/9/1971,,13,-3,0,0,2
1/10/1971,,11,-5,0,0,2
1/11/1971,,8,-6,0,0,2
1/12/1971,,10,-5,0,0,2
1/13/1971,,17,-5,0,0,2
1/14/1971,,23,-3,0,0,2
1/15/1971,,19,2,0,0,2
1/16/1971,,4,-12,0,0,2
1/17/1971,,-7,-14,0,0,2
1/18/1971,,-6,-16,0,0,2
1/19/1971,,-5,-16,0,0,2
1/20/1971,,-2,-12,0,0,2
1/21/1971,,-6,-17,0,0,2
1/22/1971,,-5,-16,0,0,2
1/23/1971,,-11,-18,0,0,2
1/24/1971,,-13,-22,0,0,2
1/25/1971,,3,-21,0,0,2
1/26/1971,,7,-9,0,0,2
1/27/1971,,6,-11,0,0,2
1/28/1971,,4,-14,0,0,2
1/29/1971,,6,-14,0,0,2
1/30/1971,,5,-12,0,0,2
1/31/1971,,23,4,0,0,2
2/1/1971,,27,10,0.02,0.4,2
2/2/1971,,19,,0,0,2
2/3/1971,,12,-6,0,0,2
2/4/1971,,17,-9,0,0,2
2/5/1971,,27,16,0.16,2,2
2/6/1971,,34,27,0.23,3.6,7
2/7/1971,,45,34,0.01,0,6
2/8/1971,,43,33,0.13,0,4
2/9/1971,,38,36,0.21,0.1,3
2/10/1971,,36,19,0.02,0.2,3
2/11/1971,,31,18,0,0,3
2/12/1971,,33,23,0.07,2,3
2/13/1971,,31,26,0.03,0.2,5
2/14/1971,,28,15,0,0,5
2/15/1971,,27,7,0,0,5
2/16/1971,,30,21,0,0,5
2/17/1971,,34,23,0,0,5
2/18/1971,,32,27,0.02,0.2,5
2/19/1971,,33,19,0.03,0.3,5
2/20/1971,,36,31,0.01,0,5
2/21/1971,,38,33,0.03,0.2,5
2/22/1971,,33,21,0.03,0.3,5
2/23/1971,,21,6,0.02,0.9,6
2/24/1971,,10,-10,0,0,6
2/25/1971,,6,-15,0,0,6
2/26/1971,,6,-17,0,0,6
2/27/1971,,10,-2,0.02,0.4,5
2/28/1971,,19,9,0.45,7.7,7
3/1/1971,,25,18,0,0,13
3/2/1971,,18,8,0.2,2.7,14
3/3/1971,,12,-4,0,0,14
3/4/1971,,2,-10,0,0,13
3/5/1971,,,-9,0,0,12
3/6/1971,,1,-23,0,0,10
3/7/1971,,-2,-24,0.05,0.7,9
3/8/1971,,7,-18,0,0,8
3/9/1971,,7,-19,0,0,8
3/10/1971,,18,4,0,0,8
3/11/1971,,18,13,0.35,5.7,10
3/12/1971,,19,9,0.03,0.4,14
3/13/1971,,19,5,0.07,1.6,14
3/14/1971,,22,-1,0,0,14
3/15/1971,,22,-4,0,0,13
3/16/1971,,40,18,0,0,13
3/17/1971,,40,26,0,0,9
3/18/1971,,36,15,0,0,8
3/19/1971,,34,10,0,0,7
3/20/1971,,34,8,0,0,7
3/21/1971,,35,6,0,0,7
3/22/1971,,31,6,0,0,7
3/23/1971,,29,3,0,0,7
3/24/1971,,28,5,0,0,7
3/25/1971,,30,4,0,0,7
3/26/1971,,29,13,0,0,7
3/27/1971,,33,19,0,0,7
3/28/1971,,39,19,0,0,7
3/29/1971,,36,18,0,0,7
3/30/1971,,34,16,0,0,7
3/31/1971,,33,17,0,0,7
4/1/1971,,33,19,0,0.1,7
4/2/1971,,35,14,0,0,7
4/3/1971,,39,26,0,0,7
4/4/1971,,39,28,0,0,7
4/5/1971,,39,24,0,0,6
4/6/1971,,33,28,0.02,0.4,6
4/7/1971,,37,21,0,0.2,6
4/8/1971,,38,20,0,0,6
4/9/1971,,32,19,0,0,6
4/10/1971,,32,19,0,0,6
4/11/1971,,27,17,0.08,1.1,6
4/12/1971,,40,27,0,0,7
4/13/1971,,37,30,0.02,0,6
4/14/1971,,36,30,0.07,1,5
4/15/1971,,38,29,0.04,1,5
4/16/1971,,42,30,0.02,0.5,7
4/17/1971,,41,32,0,0,5
4/18/1971,,42,32,0,0,4
4/19/1971,,39,29,0,0,3
4/20/1971,,42,27,0,0,3
4/21/1971,,43,28,0,0,2
4/22/1971,,43,31,0,0,1
4/23/1971,,46,33,0,0,0
4/24/1971,,42,29,0,0,0
4/25/1971,,48,35,0,0,0
4/26/1971,,46,32,0,0,0
4/27/1971,,45,34,0,0,0
4/28/1971,,47,33,0.06,0.6,0
4/29/1971,,36,29,0.32,3.4,4
4/30/1971,,46,33,0,0,3
5/1/1971,,43,31,0,0,0
5/2/1971,,43,34,0.2,0,0
5/3/1971,,44,33,0,0,0
5/4/1971,,46,32,0,0,0
5/5/1971,,44,34,0,0,0
5/6/1971,,42,34,0.23,0,0
5/7/1971,,42,31,0,0,0
5/8/1971,,43,28,0,0,0
5/9/1971,,45,34,0,0,0
5/10/1971,,46,33,0,0,0
5/11/1971,,46,33,0,0,0
5/12/1971,,51,38,0,0,0
5/13/1971,,47,38,0,0,0
5/14/1971,,50,36,0,0,0
5/15/1971,,48,30,0,0,0
5/16/1971,,50,33,0,0,0
5/17/1971,,44,35,0,0,0
5/18/1971,,49,34,0,0,0
5/19/1971,,52,40,0,0,0
5/20/1971,,51,39,0,0,0
5/21/1971,,51,37,0,0,0
5/22/1971,,48,40,0,0,0
5/23/1971,,46,37,0,0,0
5/24/1971,,53,39,0,0,0
5/25/1971,,55,39,0,0,0
5/26/1971,,48,42,0,0,0
5/27/1971,,46,41,0,0,0
5/28/1971,,48,40,0.01,0,0
5/29/1971,,51,40,0,0,0
5/30/1971,,48,40,0.02,0,0
5/31/1971,,47,39,0.06,0,0
6/1/1971,,49,39,0,0,0
6/2/1971,,48,41,0,0,0
6/3/1971,,56,41,0.01,0,0
6/4/1971,,62,37,0,0,0
6/5/1971,,71,39,0,0,0
6/6/1971,,73,37,0,0,0
6/7/1971,,65,45,0,0,0
6/8/1971,,57,42,0,0,0
6/9/1971,,58,46,0,0,0
6/10/1971,,60,47,0,0,0
6/11/1971,,54,47,0,0,0
6/12/1971,,49,45,0.11,0,0
6/13/1971,,57,44,0.01,0,0
6/14/1971,,53,46,0,0,0
6/15/1971,,54,44,0.01,0,0
6/16/1971,,54,42,0,0,0
6/17/1971,,47,45,0.06,0,0
6/18/1971,,53,44,0.04,0,0
6/19/1971,,58,42,0,0,0
6/20/1971,,60,43,0.01,0,0
6/21/1971,,58,44,0.01,0,0
6/22/1971,,64,38,0,0,0
6/23/1971,,66,48,0,0,0
6/24/1971,,64,47,0,0,0
6/25/1971,,69,45,0,0,0
6/26/1971,,62,51,0,0,0
6/27/1971,,60,48,0,0,0
6/28/1971,,55,49,0,0,0
6/29/1971,,56,48,0.1,0,0
6/30/1971,,56,46,0.01,0,0
7/1/1971,,54,42,0.01,0,0
7/2/1971,,59,43,0.01,0,0
7/3/1971,,62,48,0,0,0
7/4/1971,,64,46,0,0,0
7/5/1971,,69,44,0,0,0
7/6/1971,,67,49,0,0,0
7/7/1971,,63,47,0,0,0
7/8/1971,,68,53,0,0,0
7/9/1971,,73,53,0,0,0
7/10/1971,,75,53,0,0,0
7/11/1971,,74,54,0,0,0
7/12/1971,,74,58,0.02,0,0
7/13/1971,,59,55,0.32,0,0
7/14/1971,,61,54,0.01,0,0
7/15/1971,,63,54,0,0,0
7/16/1971,,65,54,0,0,0
7/17/1971,,63,54,0,0,0
7/18/1971,,59,46,0.01,0,0
7/19/1971,,59,47,0.28,0,0
7/20/1971,,56,48,0.19,0,0
7/21/1971,,62,40,0,0,0
7/22/1971,,58,47,0,0,0
7/23/1971,,58,48,0.09,0,0
7/24/1971,,52,47,0.54,0,0
7/25/1971,,56,49,0.13,0,0
7/26/1971,,56,49,0,0,0
7/27/1971,,50,46,0.84,0,0
7/28/1971,,57,44,0.12,0,0
7/29/1971,,61,44,0,0,0
7/30/1971,,57,52,0.16,0,0
7/31/1971,,62,52,0.13,0,0
8/1/1971,,56,52,0.11,0,0
8/2/1971,,59,52,0.06,0,0
8/3/1971,,66,48,0,0,0
8/4/1971,,67,43,0,0,0
8/5/1971,,56,51,0.15,0,0
8/6/1971,,56,52,0.6,0,0
8/7/1971,,64,52,0.16,0,0
8/8/1971,,57,53,0.79,0,0
8/9/1971,,60,54,0.08,0,0
8/10/1971,,67,54,0,0,0
8/11/1971,,65,50,0,0,0
8/12/1971,,66,49,0,0,0
8/13/1971,,58,47,0.19,0,0
8/14/1971,,66,45,0,0,0
8/15/1971,,68,43,0,0,0
8/16/1971,,67,44,0,0,0
8/17/1971,,59,53,0,0,0
8/18/1971,,60,51,0,0,0
8/19/1971,,60,52,0.02,0,0
8/20/1971,,63,50,0,0,0
8/21/1971,,61,47,0,0,0
8/22/1971,,58,46,0,0,0
8/23/1971,,66,46,0,0,0
8/24/1971,,59,50,0,0,0
8/25/1971,,59,50,0,0,0
8/26/1971,,62,50,0.04,0,0
8/27/1971,,59,46,0,0,0
8/28/1971,,60,42,0,0,0
8/29/1971,,59,47,0,0,0
8/30/1971,,54,48,0.23,0,0
8/31/1971,,58,50,0.15,0,0
9/1/1971,,,50,0.18,0,0
9/2/1971,,56,47,0,0,0
9/3/1971,,56,44,0.01,0,0
9/4/1971,,55,43,0.13,0,0
9/5/1971,,48,41,0.46,0,0
9/6/1971,,49,39,0,0,0
9/7/1971,,52,43,0.01,0,0
9/8/1971,,54,44,0,0,0
9/9/1971,,55,38,0,0,0
9/10/1971,,57,37,0,0,0
9/11/1971,,57,36,0,0,0
9/12/1971,,57,43,0,0,0
9/13/1971,,55,39,0.3,0,0
9/14/1971,,58,39,0,0,0
9/15/1971,,47,36,0,0,0
9/16/1971,,58,45,0.01,0,0
9/17/1971,,57,40,0,0,0
9/18/1971,,56,38,0,0,0
9/19/1971,,50,43,0.02,0,0
9/20/1971,,53,48,0.17,0,0
9/21/1971,,50,45,0.26,0,0
9/22/1971,,52,38,0,0,0
9/23/1971,,52,36,0,0,0
9/24/1971,,55,35,0,0,0
9/25/1971,,53,34,0,0,0
9/26/1971,,52,31,0,0,0
9/27/1971,,46,28,0,0,0
9/28/1971,,45,32,0,0,0
9/29/1971,,42,39,0.17,0,0
9/30/1971,,43,39,0.07,0,0
10/1/1971,,44,41,0.59,0,0
10/2/1971,,46,36,0.03,0,0
10/3/1971,,40,34,0.05,0,0
10/4/1971,,35,29,0.03,0.5,0
10/5/1971,,38,30,0,0,0
10/6/1971,,40,29,0,0,0
10/7/1971,,40,36,0.03,0,0
10/8/1971,,48,39,0.06,0,0
10/9/1971,,45,39,0,0,0
10/10/1971,,45,38,0.11,0,0
10/11/1971,,45,33,0,0,0
10/12/1971,,39,35,0.05,0,0
10/13/1971,,42,26,0,0,0
10/14/1971,,35,25,0.03,0.3,0
10/15/1971,,37,34,0.17,0.1,0
10/16/1971,,45,36,0.32,0,0
10/17/1971,,45,35,0.02,0,0
10/18/1971,,42,28,0,0,0
10/19/1971,,36,23,0,0,0
10/20/1971,,34,23,0,0,0
10/21/1971,,36,24,0,0,0
10/22/1971,,38,23,0.24,3.3,0
10/23/1971,,31,12,0.04,0.8,4
10/24/1971,,26,7,0,0,4
10/25/1971,,29,2,0,0,3
10/26/1971,,27,19,0,0,3
10/27/1971,,34,24,0.08,1.4,3
10/28/1971,,34,20,0.12,3,7
10/29/1971,,28,17,0,0,6
10/30/1971,,28,23,0.17,2.2,6
10/31/1971,,36,12,0.02,0.3,8
11/1/1971,,27,7,0.05,0.7,7
11/2/1971,,27,11,0,0.1,8
11/3/1971,,22,3,0,0,8
11/4/1971,,23,4,0,0,8
11/5/1971,,29,17,0,0,8
11/6/1971,,29,23,0,0,7
11/7/1971,,31,19,0,0,6
11/8/1971,,29,14,0,0,5
11/9/1971,,23,14,0,0,5
11/10/1971,,25,17,0.05,0.6,5
11/11/1971,,30,18,0.03,0.2,5
11/12/1971,,30,29,0,0,5
11/13/1971,,29,20,0,0,5
11/14/1971,,28,19,0.12,1.5,5
11/15/1971,,31,20,0,0,6
11/16/1971,,29,15,0,0,6
11/17/1971,,38,29,0.02,0.3,6
11/18/1971,,40,26,0.09,0,6
11/19/1971,,37,25,0.02,0,5
11/20/1971,,39,23,0,0,4
11/21/1971,,29,21,0.16,2.1,4
11/22/1971,,21,6,0,0,6
11/23/1971,,12,,0,0,6
11/24/1971,,14,-2,0,0,6
11/25/1971,,17,-6,0,0,6
11/26/1971,,14,-2,0,0,6
11/27/1971,,10,-7,0,0,6
11/28/1971,,11,-3,0.1,1.6,7
11/29/1971,,6,-3,0,0.1,6
11/30/1971,,7,1,0.03,1,7
12/1/1971,,17,5,0,0,7
12/2/1971,,14,-1,0,0,7
12/3/1971,,19,12,0.15,3.3,8
12/4/1971,,14,-4,0.01,0.3,10
12/5/1971,,17,-1,0.01,0.2,9
12/6/1971,,26,16,0.02,0.9,9
12/7/1971,,31,26,0,0,9
12/8/1971,,31,25,0,0,9
12/9/1971,,26,1,0,0,9
12/10/1971,,13,-1,0.02,0.3,9
12/11/1971,,9,-7,0,0,8
12/12/1971,,15,-12,0.07,0.9,8
12/13/1971,,19,9,0,0,9
12/14/1971,,21,7,0.06,0.7,9
12/15/1971,,27,21,0.03,0.4,10
12/16/1971,,28,7,0,0,10
12/17/1971,,31,5,0.18,1.3,10
12/18/1971,,33,25,0.03,0,10
12/19/1971,,30,6,0.01,0.1,10
12/20/1971,,11,,0,0,10
12/21/1971,,8,-12,0,0,10
12/22/1971,,13,-5,0,0,10
12/23/1971,,16,2,0.03,0.3,10
12/24/1971,,19,15,0,0,10
12/25/1971,,27,19,0.05,0.3,10
12/26/1971,,29,26,0.12,1.6,11
12/27/1971,,42,21,0,0,11
12/28/1971,,42,27,0,0,10
12/29/1971,,27,17,0,0,10
12/30/1971,,28,20,0.08,1.2,10
12/31/1971,,29,22,0.01,0.3,11
1/1/1972,,24,5,0,0,10
1/2/1972,,18,8,0,0,10
1/3/1972,,19,10,0,0,10
1/4/1972,,18,13,0.03,0.5,10
1/5/1972,,23,9,0.04,0.8,11
1/6/1972,,19,14,0.1,2.7,12
1/7/1972,,18,9,0.05,0.9,14
1/8/1972,,11,-1,0.01,0.2,14
1/9/1972,,,-23,0,0,14
1/10/1972,,-13,-27,0,0,14
1/11/1972,,-13,-28,0,0,14
1/12/1972,,-6,-26,0,0,14
1/13/1972,,7,-6,0.01,0.3,14
1/14/1972,,12,-1,0,0,13
1/15/1972,,12,5,0,0,13
1/16/1972,,7,2,0,0,13
1/17/1972,,4,-13,0,0,11
1/18/1972,,5,-19,0,0,10
1/19/1972,,9,-4,0,0,10
1/20/1972,,10,-12,0,0,10
1/21/1972,,10,-10,0,0,10
1/22/1972,,9,-14,0,0,10
1/23/1972,,14,-7,0,0,10
1/24/1972,,9,-10,0,0,10
1/25/1972,,16,1,0,0,10
1/26/1972,,20,14,0,0,10
1/27/1972,,30,16,0.06,0.6,10
1/28/1972,,37,26,0.05,0.5,11
1/29/1972,,33,22,0,0,10
1/30/1972,,24,14,0,0.1,10
1/31/1972,,22,18,0.21,3,10
2/1/1972,,26,22,0.57,7.5,15
2/2/1972,,28,23,0,0,18
2/3/1972,,30,14,0,0,18
2/4/1972,,27,4,0,0,17
2/5/1972,,22,-4,0,0,16
2/6/1972,,15,-5,0,0,14
2/7/1972,,15,7,0,0,14
2/8/1972,,29,14,0,0,14
2/9/1972,,29,10,0.02,0.3,13
2/10/1972,,21,10,0,0,12
2/11/1972,,18,-1,0,0,12
2/12/1972,,17,-5,0,0,12
2/13/1972,,17,7,0.04,1.1,12
2/14/1972,,21,3,0,0,13
2/15/1972,,16,,0,0,13
2/16/1972,,9,1,0,0,12
2/17/1972,,11,-3,0,0,12
2/18/1972,,15,-13,0,0,12
2/19/1972,,26,11,0,0,12
2/20/1972,,27,15,0,0,12
2/21/1972,,26,1,0,0,10
2/22/1972,,23,6,0,0,10
2/23/1972,,26,5,0,0,9
2/24/1972,,32,6,0,0,9
2/25/1972,,23,8,0,0,9
2/26/1972,,24,5,0,0,8
2/27/1972,,25,,0,0,8
2/28/1972,,20,4,0,0,8
2/29/1972,,20,-3,0,0,8
3/1/1972,,19,,0,0,8
3/2/1972,,18,-6,0,0,8
3/3/1972,,19,-2,0,0,8
3/4/1972,,20,-4,0,0,8
3/5/1972,,18,,0,0,8
3/6/1972,,14,-4,0,0,8
3/7/1972,,14,-4,0,0,8
3/8/1972,,13,-6,0,0,8
3/9/1972,,11,-13,0,0,8
3/10/1972,,11,-13,0,0,8
3/11/1972,,17,5,0,0,8
3/12/1972,,22,-2,0,0,8
3/13/1972,,17,8,0.1,3.4,9
3/14/1972,,18,10,0.02,0.9,10
3/15/1972,,21,9,0,0.1,10
3/16/1972,,23,13,0.03,0.3,10
3/17/1972,,24,7,0,0,10
3/18/1972,,28,6,0,0,10
3/19/1972,,30,24,0.01,0.3,10
3/20/1972,,33,26,0.08,1.4,12
3/21/1972,,37,28,0,0,12
3/22/1972,,32,22,0,0,9
3/23/1972,,28,13,0,0,9
3/24/1972,,22,8,0.33,3.6,9
3/25/1972,,35,22,0,0,13
3/26/1972,,39,32,0,0,12
3/27/1972,,39,28,0.11,2,11
3/28/1972,,29,16,0,0,10
3/29/1972,,22,7,0,0,10
3/30/1972,,27,2,0,0,10
3/31/1972,,29,12,0,0,10
4/1/1972,,29,3,0,0,10
4/2/1972,,35,17,0,0,10
4/3/1972,,29,19,0.25,4.6,10
4/4/1972,,30,21,0,0.1,14
4/5/1972,,33,12,0,0,14
4/6/1972,,32,12,0,0,14
4/7/1972,,28,16,0,0,13
4/8/1972,,28,13,0,0,12
4/9/1972,,26,13,0.06,0.8,11
4/10/1972,,30,19,0,0,11
4/11/1972,,32,13,0,0,11
4/12/1972,,37,27,0.06,0.6,11
4/13/1972,,30,21,0,0,11
4/14/1972,,27,16,0,0,11
4/15/1972,,27,16,0,0,11
4/16/1972,,30,17,0,0.1,10
4/17/1972,,40,26,0.03,0.3,10
4/18/1972,,32,22,0.31,5.7,16
4/19/1972,,33,17,0,0,16
4/20/1972,,37,18,0,0,14
4/21/1972,,39,17,0,0,14
4/22/1972,,39,18,0,0,12
4/23/1972,,38,18,0,0,12
4/24/1972,,36,25,0,0,12
4/25/1972,,36,31,0.02,0.4,12
4/26/1972,,39,28,0,0,11
4/27/1972,,41,26,0,0,11
4/28/1972,,41,25,0,0,9
4/29/1972,,42,31,0,0,7
4/30/1972,,40,34,0,0,5
5/1/1972,,43,33,0,0,3
5/2/1972,,45,31,0,0,3
5/3/1972,,47,35,0,0,1
5/4/1972,,39,35,0.04,0,1
5/5/1972,,43,36,0.01,0,1
5/6/1972,,44,38,0.16,0,0
5/7/1972,,45,36,0.02,0,0
5/8/1972,,52,35,0,0,0
5/9/1972,,60,33,0,0,0
5/10/1972,,49,38,0,0,0
5/11/1972,,45,37,0,0,0
5/12/1972,,52,33,0,0,0
5/13/1972,,47,39,0,0,0
5/14/1972,,49,38,0,0,0
5/15/1972,,51,34,0,0,0
5/16/1972,,49,32,0,0,0
5/17/1972,,47,34,0,0,0
5/18/1972,,51,36,0.04,0,0
5/19/1972,,54,43,0.02,0,0
5/20/1972,,44,34,0.12,0,0
5/21/1972,,45,34,0.03,0,0
5/22/1972,,49,34,0,0,0
5/23/1972,,50,41,0,0,0
5/24/1972,,48,42,0,0,0
5/25/1972,,52,39,0,0,0
5/26/1972,,53,35,0,0,0
5/27/1972,,60,46,0,0,0
5/28/1972,,46,40,0.22,0,0
5/29/1972,,53,40,0,0,0
5/30/1972,,61,46,0.09,0,0
5/31/1972,,54,45,0.06,0,0
6/1/1972,,54,46,0,0,0
6/2/1972,,49,42,0,0,0
6/3/1972,,50,41,0,0,0
6/4/1972,,51,41,0,0,0
6/5/1972,,53,40,0,0,0
6/6/1972,,50,42,0.03,0,0
6/7/1972,,54,41,0.13,0,0
6/8/1972,,67,41,0,0,0
6/9/1972,,60,46,0,0,0
6/10/1972,,62,44,0,0,0
6/11/1972,,65,45,0,0,0
6/12/1972,,64,52,0,0,0
6/13/1972,,58,49,0,0,0
6/14/1972,,69,46,0,0,0
6/15/1972,,61,44,0,0,0
6/16/1972,,57,43,0,0,0
6/17/1972,,58,43,0,0,0
6/18/1972,,56,48,0,0,0
6/19/1972,,61,46,0,0,0
6/20/1972,,58,45,0,0,0
6/21/1972,,58,47,0.15,0,0
6/22/1972,,56,48,0,0,0
6/23/1972,,57,48,0.21,0,0
6/24/1972,,58,47,0,0,0
6/25/1972,,61,48,0,0,0
6/26/1972,,59,49,0,0,0
6/27/1972,,64,49,0,0,0
6/28/1972,,55,48,0.09,0,0
6/29/1972,,64,50,0,0,0
6/30/1972,,58,49,0,0,0
7/1/1972,,56,48,0,0,0
7/2/1972,,61,48,0,0,0
7/3/1972,,70,53,0.01,0,0
7/4/1972,,71,53,0,0,0
7/5/1972,,76,53,0,0,0
7/6/1972,,80,56,0,0,0
7/7/1972,,78,55,0,0,0
7/8/1972,,71,54,0,0,0
7/9/1972,,67,49,0,0,0
7/10/1972,,75,46,0,0,0
7/11/1972,,65,52,0,0,0
7/12/1972,,71,49,0,0,0
7/13/1972,,67,59,0,0,0
7/14/1972,,68,56,0,0,0
7/15/1972,,68,53,0,0,0
7/16/1972,,60,47,0.06,0,0
7/17/1972,,61,44,0,0,0
7/18/1972,,56,46,0.18,0,0
7/19/1972,,54,52,0.15,0,0
7/20/1972,,65,49,0,0,0
7/21/1972,,69,47,0,0,0
7/22/1972,,71,50,0,0,0
7/23/1972,,74,47,0,0,0
7/24/1972,,72,49,0,0,0
7/25/1972,,69,50,0,0,0
7/26/1972,,66,47,0,0,0
7/27/1972,,67,48,0,0,0
7/28/1972,,62,54,0.02,0,0
7/29/1972,,65,51,0,0,0
7/30/1972,,65,50,0,0,0
7/31/1972,,68,50,0,0,0
8/1/1972,,74,55,0,0,0
8/2/1972,,67,56,0,0,0
8/3/1972,,74,51,0,0,0
8/4/1972,,65,56,0.07,0,0
8/5/1972,,66,54,0.01,0,0
8/6/1972,,64,55,0.03,0,0
8/7/1972,,67,50,0,0,0
8/8/1972,,63,48,0,0,0
8/9/1972,,70,50,0,0,0
8/10/1972,,75,49,0,0,0
8/11/1972,,69,50,0,0,0
8/12/1972,,58,54,0.08,0,0
8/13/1972,,57,53,0.47,0,0
8/14/1972,,64,53,0.04,0,0
8/15/1972,,66,53,0.1,0,0
8/16/1972,,66,54,0.09,0,0
8/17/1972,,65,53,0,0,0
8/18/1972,,59,52,0,0,0
8/19/1972,,53,50,0.4,0,0
8/20/1972,,62,51,0,0,0
8/21/1972,,62,52,0,0,0
8/22/1972,,56,48,0,0,0
8/23/1972,,56,45,0,0,0
8/24/1972,,55,44,0.06,0,0
8/25/1972,,63,46,0.03,0,0
8/26/1972,,64,45,0,0,0
8/27/1972,,60,45,0,0,0
8/28/1972,,59,41,0,0,0
8/29/1972,,60,46,0,0,0
8/30/1972,,55,44,0.02,0,0
8/31/1972,,62,47,0,0,0
9/1/1972,,65,50,0.07,0,0
9/2/1972,,56,47,0.39,0,0
9/3/1972,,63,47,0.15,0,0
9/4/1972,,55,46,0.03,0,0
9/5/1972,,56,46,0.01,0,0
9/6/1972,,58,44,0,0,0
9/7/1972,,61,47,0,0,0
9/8/1972,,57,49,0.04,0,0
9/9/1972,,52,49,0.25,0,0
9/10/1972,,54,45,0,0,0
9/11/1972,,52,46,0.43,0,0
9/12/1972,,56,47,0.74,0,0
9/13/1972,,54,44,0.05,0,0
9/14/1972,,48,44,0.48,0,0
9/15/1972,,51,31,0,0,0
9/16/1972,,45,28,0,0,0
9/17/1972,,45,33,0,0,0
9/18/1972,,47,31,0,0,0
9/19/1972,,53,33,0,0,0
9/20/1972,,54,36,0,0,0
9/21/1972,,50,36,0,0,0
9/22/1972,,47,28,0,0,0
9/23/1972,,50,26,0,0,0
9/24/1972,,48,27,0,0,0
9/25/1972,,43,30,0.04,0,0
9/26/1972,,42,39,0.27,0,0
9/27/1972,,39,30,0,0,0
9/28/1972,,35,32,0.62,0.4,0
9/29/1972,,40,35,0.76,0,0
9/30/1972,,37,30,0.09,1.1,0
10/1/1972,,35,29,0,0,0
10/2/1972,,31,28,0,0,0
10/3/1972,,32,19,0,0,0
10/4/1972,,30,22,0,0.3,0
10/5/1972,,37,30,0.46,0,0
10/6/1972,,39,29,0.06,0,0
10/7/1972,,35,22,0,0,0
10/8/1972,,35,18,0,0,0
10/9/1972,,33,21,0,0,0
10/10/1972,,39,29,0.32,0.4,0
10/11/1972,,39,32,0.75,0,0
10/12/1972,,36,31,0,0,0
10/13/1972,,35,30,0.18,0,0
10/14/1972,,48,33,0.34,0,0
10/15/1972,,52,35,0.01,0,0
10/16/1972,,50,39,0.14,0,0
10/17/1972,,45,37,0,0,0
10/18/1972,,43,34,0.23,0,0
10/19/1972,,37,32,0,0,0
10/20/1972,,35,28,0,0,0
10/21/1972,,36,28,0,0,0
10/22/1972,,36,28,0,0,0
10/23/1972,,37,25,0,0,0
10/24/1972,,37,21,0,0,0
10/25/1972,,37,23,0,0,0
10/26/1972,,35,22,0,0,0
10/27/1972,,29,19,0,0,0
10/28/1972,,33,24,0.18,1.5,0
10/29/1972,,34,22,0.22,1.1,2
10/30/1972,,27,20,0,0,1
10/31/1972,,26,20,0,0,1
11/1/1972,,24,12,0,0,1
11/2/1972,,28,10,0,0,1
11/3/1972,,24,7,0,0,1
11/4/1972,,24,6,0,0,1
11/5/1972,,24,9,0,0,1
11/6/1972,,25,17,0,0,1
11/7/1972,,26,17,0,0,1
11/8/1972,,28,23,0,0,1
11/9/1972,,29,25,0.04,0.7,1
11/10/1972,,30,26,0,0,1
11/11/1972,,28,25,0.04,0.9,1
11/12/1972,,25,13,0,0,2
11/13/1972,,18,11,0,0,1
11/14/1972,,26,16,0.01,0.2,1
11/15/1972,,27,19,0.01,0.2,1
11/16/1972,,34,22,0,0,1
11/17/1972,,33,15,0,0,1
11/18/1972,,23,12,0,0,1
11/19/1972,,28,20,0,0,1
11/20/1972,,30,18,0,0,1
11/21/1972,,33,22,0.15,1.5,1
11/22/1972,,32,25,0,0,2
11/23/1972,,32,10,0.01,0.3,2
11/24/1972,,26,16,0,0,2
11/25/1972,,30,22,0.34,4.8,2
11/26/1972,,22,12,0.13,1.7,9
11/27/1972,,22,8,0,0,9
11/28/1972,,34,22,0.03,0.4,8
11/29/1972,,30,7,0,0,8
11/30/1972,,14,-3,0,0,8
12/1/1972,,10,-3,0,0,8
12/2/1972,,11,-5,0,0,8
12/3/1972,,16,-1,0,0,8
12/4/1972,,19,9,0,0,8
12/5/1972,,20,5,0,0,8
12/6/1972,,24,20,0,0,8
12/7/1972,,25,12,0,0,8
12/8/1972,,26,23,0,0,8
12/9/1972,,32,25,0.15,0.5,8
12/10/1972,,30,25,0.04,0.6,10
12/11/1972,,28,24,0,0,10
12/12/1972,,27,10,0,0,10
12/13/1972,,27,10,0.04,0.4,10
12/14/1972,,11,-9,0,0,10
12/15/1972,,12,-9,0,0,10
12/16/1972,,12,,0,0,10
12/17/1972,,14,8,0,0,10
12/18/1972,,12,5,0,0,10
12/19/1972,,14,1,0,0,10
12/20/1972,,13,1,0,0,10
12/21/1972,,7,-7,0,0,10
12/22/1972,,7,-5,0,0,10
12/23/1972,,3,-9,0,0,10
12/24/1972,,17,3,0,0,10
12/25/1972,,18,6,0,0,10
12/26/1972,,20,4,0,0,10
12/27/1972,,20,14,0,0,10
12/28/1972,,26,16,0,0,10
12/29/1972,,24,12,0,0,10
12/30/1972,,22,11,0.38,3.9,10
12/31/1972,,19,1,0.11,1.1,14
1/1/1973,,12,-7,0,0,13
1/2/1973,,17,-5,0,0,13
1/3/1973,,19,13,0.25,2.9,16
1/4/1973,,17,3,0,0,15
1/5/1973,,24,8,0.01,0.2,15
1/6/1973,,28,22,0,0.4,14
1/7/1973,,26,21,0,0,14
1/8/1973,,31,16,0,0,14
1/9/1973,,23,11,0,0,14
1/10/1973,,18,5,0,0,14
1/11/1973,,11,-7,0,0,14
1/12/1973,,11,1,0,0,14
1/13/1973,,8,,0,0,14
1/14/1973,,1,-21,0,0,14
1/15/1973,,-6,-25,0,0,14
1/16/1973,,-6,-25,0,0,12
1/17/1973,,-4,-14,0,0,12
1/18/1973,,,-11,0,0.1,12
1/19/1973,,1,-19,0,0,12
1/20/1973,,1,-9,0.02,0.2,12
1/21/1973,,-7,-18,0,0,12
1/22/1973,,3,-18,0.1,1.4,12
1/23/1973,,-6,-24,0.01,0.1,13
1/24/1973,,-8,-27,0,0,13
1/25/1973,,-10,-26,0,0,13
1/26/1973,,-3,-27,0,0,13
1/27/1973,,17,-3,0.01,0.3,13
1/28/1973,,39,16,0,0.1,13
1/29/1973,,37,15,0.17,1.1,12
1/30/1973,,15,12,0.14,1.1,13
1/31/1973,,16,-2,0.01,0.2,14
2/1/1973,,11,-9,0,0,13
2/2/1973,,23,11,0.06,0.6,13
2/3/1973,,23,4,0,0,13
2/4/1973,,13,-3,0,0,12
2/5/1973,,17,,0,0,12
2/6/1973,,22,9,0,0,12
2/7/1973,,22,6,0,0,12
2/8/1973,,18,3,0,0,12
2/9/1973,,14,-3,0,0,12
2/10/1973,,14,-7,0,0,11
2/11/1973,,12,-7,0,0,11
2/12/1973,,11,-10,0,0,11
2/13/1973,,9,1,0,0,11
2/14/1973,,14,-2,0,0,11
2/15/1973,,20,10,0,0,11
2/16/1973,,23,11,0,0,11
2/17/1973,,24,6,0,0,11
2/18/1973,,24,13,0,0,11
2/19/1973,,43,19,0,0,11
2/20/1973,,37,25,0.05,0.4,11
2/21/1973,,36,24,0,0,10
2/22/1973,,32,13,0,0,10
2/23/1973,,26,8,0,0,10
2/24/1973,,25,,0,0,10
2/25/1973,,26,3,0,0,10
2/26/1973,,21,-1,0,0,10
2/27/1973,,19,-5,0,0,10
2/28/1973,,22,12,0,0,10
3/1/1973,,27,7,0,0,10
3/2/1973,,26,14,0,0,10
3/3/1973,,23,10,0.04,1.3,10
3/4/1973,,27,14,0.05,1.3,12
3/5/1973,,27,15,0,0,12
3/6/1973,,28,18,0,0,12
3/7/1973,,32,16,0,0,12
3/8/1973,,36,28,0.1,1.5,13
3/9/1973,,36,32,0,0,12
3/10/1973,,36,24,0,0,12
3/11/1973,,31,21,0.06,0.8,12
3/12/1973,,31,17,0.03,1.2,12
3/13/1973,,25,14,0.06,0.9,13
3/14/1973,,24,16,0.15,3.1,15
3/15/1973,,19,2,0.12,5.7,21
3/16/1973,,18,,0.01,0.3,22
3/17/1973,,20,-2,0,0,22
3/18/1973,,21,-4,0,0,20
3/19/1973,,23,-4,0,0,19
3/20/1973,,29,12,0,0,18
3/21/1973,,33,12,0,0,17
3/22/1973,,37,23,0,0,15
3/23/1973,,38,25,0,0,15
3/24/1973,,38,27,0,0,13
3/25/1973,,39,28,0,0,13
3/26/1973,,41,27,0,0,12
3/27/1973,,37,27,0,0,12
3/28/1973,,40,33,0.03,0,11
3/29/1973,,39,32,0,0,11
3/30/1973,,38,29,0,0,11
3/31/1973,,38,29,0,0,11
4/1/1973,,39,28,0,0,11
4/2/1973,,40,29,0,0,11
4/3/1973,,40,25,0,0,9
4/4/1973,,40,25,0,0,9
4/5/1973,,40,24,0,0,8
4/6/1973,,38,33,0,0,7
4/7/1973,,40,33,0,0,6
4/8/1973,,41,33,0.04,0.2,5
4/9/1973,,42,30,0,0,4
4/10/1973,,39,27,0,0,2
4/11/1973,,43,32,0,0,2
4/12/1973,,40,34,0,0,1
4/13/1973,,39,34,0,0,0
4/14/1973,,42,33,0,0,0
4/15/1973,,43,30,0,0,0
4/16/1973,,42,30,0,0,0
4/17/1973,,42,29,0,0,0
4/18/1973,,41,33,0,0,0
4/19/1973,,42,33,0,0,0
4/20/1973,,45,28,0,0,0
4/21/1973,,49,34,0,0,0
4/22/1973,,43,28,0,0,0
4/23/1973,,43,29,0.06,0.3,0
4/24/1973,,36,33,0.09,0.7,0
4/25/1973,,38,32,0,0,0
4/26/1973,,40,30,0,0,0
4/27/1973,,44,24,0,0,0
4/28/1973,,45,29,0,0,0
4/29/1973,,43,34,0,0,0
4/30/1973,,41,34,0.14,0.1,0
5/1/1973,,44,39,0,0,0
5/2/1973,,49,36,0,0,0
5/3/1973,,49,36,0,0,0
5/4/1973,,44,33,0,0,0
5/5/1973,,47,32,0,0,0
5/6/1973,,46,30,0,0,0
5/7/1973,,50,27,0,0,0
5/8/1973,,50,36,0,0,0
5/9/1973,,50,38,0,0,0
5/10/1973,,48,33,0,0,0
5/11/1973,,48,31,0,0,0
5/12/1973,,52,30,0,0,0
5/13/1973,,55,39,0,0,0
5/14/1973,,55,45,0.05,0,0
5/15/1973,,51,42,0,0,0
5/16/1973,,44,39,0.08,0,0
5/17/1973,,51,37,0,0,0
5/18/1973,,52,41,0,0,0
5/19/1973,,56,40,0,0,0
5/20/1973,,45,39,0,0,0
5/21/1973,,49,34,0,0,0
5/22/1973,,47,38,0,0,0
5/23/1973,,52,34,0,0,0
5/24/1973,,51,42,0,0,0
5/25/1973,,52,41,0.01,0,0
5/26/1973,,51,40,0,0,0
5/27/1973,,53,36,0,0,0
5/28/1973,,50,41,0,0,0
5/29/1973,,55,37,0,0,0
5/30/1973,,57,39,0,0,0
5/31/1973,,53,43,0,0,0
6/1/1973,,47,42,0.2,0,0
6/2/1973,,47,41,0.01,0,0
6/3/1973,,53,42,0,0,0
6/4/1973,,59,39,0,0,0
6/5/1973,,58,45,0,0,0
6/6/1973,,57,41,0,0,0
6/7/1973,,56,36,0,0,0
6/8/1973,,47,42,0.15,0,0
6/9/1973,,51,43,0.2,0,0
6/10/1973,,50,43,0.03,0,0
6/11/1973,,59,38,0,0,0
6/12/1973,,58,43,0,0,0
6/13/1973,,60,44,0,0,0
6/14/1973,,61,42,0.01,0,0
6/15/1973,,56,46,0.06,0,0
6/16/1973,,59,44,0,0,0
6/17/1973,,65,43,0.02,0,0
6/18/1973,,60,51,0,0,0
6/19/1973,,54,47,0,0,0
6/20/1973,,56,46,0,0,0
6/21/1973,,73,40,0,0,0
6/22/1973,,61,48,0,0,0
6/23/1973,,67,44,0,0,0
6/24/1973,,65,53,0,0,0
6/25/1973,,62,51,0,0,0
6/26/1973,,59,48,0.33,0,0
6/27/1973,,59,44,0.06,0,0
6/28/1973,,65,44,0,0,0
6/29/1973,,65,48,0,0,0
6/30/1973,,63,53,0,0,0
7/1/1973,,65,50,0,0,0
7/2/1973,,63,51,0,0,0
7/3/1973,,64,52,0,0,0
7/4/1973,,63,47,0.01,0,0
7/5/1973,,68,47,0,0,0
7/6/1973,,68,51,0,0,0
7/7/1973,,71,50,0,0,0
7/8/1973,,65,52,0,0,0
7/9/1973,,70,48,0,0,0
7/10/1973,,69,52,0,0,0
7/11/1973,,60,50,0,0,0
7/12/1973,,61,50,0,0,0
7/13/1973,,64,51,0.01,0,0
7/14/1973,,64,51,0,0,0
7/15/1973,,65,50,0,0,0
7/16/1973,,68,46,0,0,0
7/17/1973,,64,55,0.01,0,0
7/18/1973,,67,50,0,0,0
7/19/1973,,70,49,0.01,0,0
7/20/1973,,71,58,0,0,0
7/21/1973,,65,55,0,0,0
7/22/1973,,64,53,0,0,0
7/23/1973,,67,55,0,0,0
7/24/1973,,66,52,0,0,0
7/25/1973,,60,51,0,0,0
7/26/1973,,64,51,0,0,0
7/27/1973,,56,50,0.09,0,0
7/28/1973,,61,50,0.02,0,0
7/29/1973,,62,52,0.07,0,0
7/30/1973,,61,51,0,0,0
7/31/1973,,56,48,0.38,0,0
8/1/1973,,58,48,0,0,0
8/2/1973,,62,45,0,0,0
8/3/1973,,62,50,0,0,0
8/4/1973,,61,52,0,0,0
8/5/1973,,58,51,0.85,0,0
8/6/1973,,56,51,0.09,0,0
8/7/1973,,59,49,0,0,0
8/8/1973,,63,49,0.02,0,0
8/9/1973,,62,48,0,0,0
8/10/1973,,61,50,0,0,0
8/11/1973,,54,50,0.36,0,0
8/12/1973,,59,49,0.01,0,0
8/13/1973,,61,43,0,0,0
8/14/1973,,65,39,0,0,0
8/15/1973,,61,34,0,0,0
8/16/1973,,61,39,0,0,0
8/17/1973,,66,47,0,0,0
8/18/1973,,63,52,0,0,0
8/19/1973,,66,52,0,0,0
8/20/1973,,63,56,0.38,0,0
8/21/1973,,59,55,1.09,0,0
8/22/1973,,59,54,0.07,0,0
8/23/1973,,63,48,0.06,0,0
8/24/1973,,58,52,0.16,0,0
8/25/1973,,56,48,0,0,0
8/26/1973,,57,46,0.01,0,0
8/27/1973,,58,50,0.01,0,0
8/28/1973,,57,47,0.09,0,0
8/29/1973,,55,47,0,0,0
8/30/1973,,54,43,0.2,0,0
8/31/1973,,51,41,0,0,0
9/1/1973,,56,46,0,0,0
9/2/1973,,60,42,0,0,0
9/3/1973,,60,41,0,0,0
9/4/1973,,54,44,0,0,0
9/5/1973,,54,45,0,0,0
9/6/1973,,60,45,0,0,0
9/7/1973,,51,38,0,0,0
9/8/1973,,55,33,0,0,0
9/9/1973,,53,36,0.04,0,0
9/10/1973,,59,38,0,0,0
9/11/1973,,52,34,0,0,0
9/12/1973,,53,41,0,0,0
9/13/1973,,52,46,0.08,0,0
9/14/1973,,57,43,0,0,0
9/15/1973,,57,36,0,0,0
9/16/1973,,53,46,0,0,0
9/17/1973,,57,43,0,0,0
9/18/1973,,57,44,0,0,0
9/19/1973,,51,47,0.1,0,0
9/20/1973,,50,42,0.13,0,0
9/21/1973,,51,39,0,0,0
9/22/1973,,53,33,0,0,0
9/23/1973,,49,34,0,0,0
9/24/1973,,49,29,0,0,0
9/25/1973,,44,32,0.01,0,0
9/26/1973,,43,35,0.35,0,0
9/27/1973,,47,33,0.02,0,0
9/28/1973,,47,31,0,0,0
9/29/1973,,47,28,0,0,0
9/30/1973,,49,38,0.03,0,0
10/1/1973,,50,42,0.5,0,0
10/2/1973,,48,33,0,0,0
10/3/1973,,46,28,0,0,0
10/4/1973,,43,38,0.21,0,0
10/5/1973,,41,35,0.21,0,0
10/6/1973,,44,38,0.06,0,0
10/7/1973,,41,27,0.02,0,0
10/8/1973,,34,28,0.24,1.9,0
10/9/1973,,40,29,0.23,2.2,3
10/10/1973,,35,31,0.11,0.8,2
10/11/1973,,40,31,0,0,0
10/12/1973,,32,27,0.01,0.1,0
10/13/1973,,33,17,0.05,0.5,1
10/14/1973,,37,16,0,0,1
10/15/1973,,38,16,0,0,1
10/16/1973,,36,17,0.01,0.1,1
10/17/1973,,39,30,0.01,0.1,0
10/18/1973,,39,32,0,0,0
10/19/1973,,38,28,0,0,0
10/20/1973,,36,27,0,0,0
10/21/1973,,33,16,0,0,0
10/22/1973,,32,13,0,0,0
10/23/1973,,31,15,0,0,0
10/24/1973,,29,11,0,0,0
10/25/1973,,36,22,0,0,0
10/26/1973,,37,30,0,0,0
10/27/1973,,35,25,0.03,0.3,0
10/28/1973,,37,30,0.05,0.6,1
10/29/1973,,40,34,0,0,0
10/30/1973,,39,31,0,0,0
10/31/1973,,35,21,0,0,0
11/1/1973,,31,16,0,0,0
11/2/1973,,28,13,0,0,0
11/3/1973,,26,9,0,0,0
11/4/1973,,23,7,0,0,0
11/5/1973,,23,8,0,0,0
11/6/1973,,26,9,0,0,0
11/7/1973,,25,10,0.06,0.5,0
11/8/1973,,30,7,0,0,0
11/9/1973,,20,1,0,0,0
11/10/1973,,30,17,0.28,1.7,0
11/11/1973,,24,7,0,0,2
11/12/1973,,14,-5,0,0,1
11/13/1973,,16,-7,0,0,1
11/14/1973,,15,-8,0,0,1
11/15/1973,,16,-3,0,0,1
11/16/1973,,16,-1,0,0,1
11/17/1973,,15,-6,0,0,1
11/18/1973,,23,15,0,0,1
11/19/1973,,26,7,0.02,0.3,1
11/20/1973,,22,4,0,0,1
11/21/1973,,15,4,0.04,0.9,1
11/22/1973,,22,15,0.3,6.4,5
11/23/1973,,28,20,0.02,0.2,8
11/24/1973,,29,20,0.06,0.6,8
11/25/1973,,23,15,0,0,8
11/26/1973,,17,,0,0,8
11/27/1973,,18,9,0,0,6
11/28/1973,,16,-3,0,0,6
11/29/1973,,14,-6,0,0,6
11/30/1973,,17,-9,0,0,6
12/1/1973,,16,-3,0,0,6
12/2/1973,,14,-9,0,0,6
12/3/1973,,10,-11,0,0,6
12/4/1973,,18,7,0,0,6
12/5/1973,,23,8,0,0,5
12/6/1973,,19,,0,0,5
12/7/1973,,17,-1,0,0,5
12/8/1973,,29,16,0,0,5
12/9/1973,,31,25,0,0,5
12/10/1973,,29,21,0.02,0.2,5
12/11/1973,,25,11,0,0,5
12/12/1973,,21,5,0,0,5
12/13/1973,,11,,0,0,5
12/14/1973,,18,6,0,0,5
12/15/1973,,20,8,0,0,5
12/16/1973,,22,7,0,0,5
12/17/1973,,29,18,0,0,5
12/18/1973,,35,22,0.03,0.2,5
12/19/1973,,41,30,0.01,0,5
12/20/1973,,31,20,0.04,0.4,5
12/21/1973,,25,10,0,0,5
12/22/1973,,17,9,0,0,5
12/23/1973,,20,10,0.07,1.8,5
12/24/1973,,23,14,0,0,7
12/25/1973,,28,15,0,0,6
12/26/1973,,42,24,0,0,6
12/27/1973,,38,26,0,0,4
12/28/1973,,39,29,0,0,4
12/29/1973,,37,21,0.21,4.1,5
12/30/1973,,25,11,0,0,9
12/31/1973,,22,12,0,0,8
1/1/1974,,23,10,0,0,7
1/2/1974,,19,6,0,0,7
1/3/1974,,22,6,0,0,7
1/4/1974,,16,4,0,0,7
1/5/1974,,10,,0,0,7
1/6/1974,,12,,0,0,7
1/7/1974,,14,5,0,0,7
1/8/1974,,16,5,0,0,7
1/9/1974,,20,13,0,0,7
1/10/1974,,24,6,0,0,7
1/11/1974,,19,5,0,0,7
1/12/1974,,18,9,0,0,7
1/13/1974,,11,-10,0,0,7
1/14/1974,,9,-6,0,0,7
1/15/1974,,14,3,0,0,7
1/16/1974,,7,2,0,0,6
1/17/1974,,11,5,0,0,6
1/18/1974,,15,-3,0,0,6
1/19/1974,,16,-4,0.02,0.5,6
1/20/1974,,5,-18,0,0,6
1/21/1974,,10,-14,0,0,6
1/22/1974,,16,9,0,0,6
1/23/1974,,19,4,0,0,6
1/24/1974,,18,1,0,0,6
1/25/1974,,12,-6,0,0,5
1/26/1974,,5,-9,0,0,5
1/27/1974,,12,-6,0,0,5
1/28/1974,,12,3,0,0,5
1/29/1974,,9,-12,0,0,5
1/30/1974,,13,-12,0,0,5
1/31/1974,,8,-8,0,0,5
2/1/1974,,15,-1,0,0,5
2/2/1974,,18,9,0,0,5
2/3/1974,,25,18,0,0,5
2/4/1974,,23,19,0.01,0.1,5
2/5/1974,,28,18,0.01,0.4,5
2/6/1974,,31,22,0.28,5.1,
2/7/1974,,31,22,0.04,,
2/8/1974,,32,21,0,0,11
2/9/1974,,35,28,0,0,10
2/10/1974,,32,25,0.06,1.2,9
2/11/1974,,26,10,0.03,0.5,10
2/12/1974,,11,5,0.12,2.6,10
2/13/1974,,12,5,0.03,0.6,12
2/14/1974,,11,-8,0,0,11
2/15/1974,,13,-8,0.13,4.9,14
2/16/1974,,3,-11,0.02,0.2,13
2/17/1974,,11,3,0.08,1.1,13
2/18/1974,,11,-6,0.04,1.2,14
2/19/1974,,8,-4,0,0,13
2/20/1974,,15,1,0,0,12
2/21/1974,,12,-7,0.01,0.1,12
2/22/1974,,18,7,0,0,12
2/23/1974,,21,10,0,0,12
2/24/1974,,25,8,0,0,11
2/25/1974,,25,2,0,0,11
2/26/1974,,29,11,0,0,10
2/27/1974,,25,16,0.28,4.6,10
2/28/1974,,22,7,0.01,0.2,15
3/1/1974,,17,-8,0,0,15
3/2/1974,,28,4,0.23,4.2,15
3/3/1974,,30,13,0,0,19
3/4/1974,,17,-4,0,0,16
3/5/1974,,15,-9,0,0,16
3/6/1974,,15,-6,0.01,0.4,14
3/7/1974,,17,4,0,0,14
3/8/1974,,23,8,0,0,13
3/9/1974,,21,-2,0,0,13
3/10/1974,,24,-5,0,0,12
3/11/1974,,26,-4,0,0,12
3/12/1974,,22,-8,0,0,12
3/13/1974,,24,-5,0,0,11
3/14/1974,,33,17,0,0,11
3/15/1974,,35,15,0,0,10
3/16/1974,,30,9,0.09,1,10
3/17/1974,,32,23,0.01,0.1,11
3/18/1974,,31,19,0.11,1.3,11
3/19/1974,,37,28,0,0,12
3/20/1974,,39,30,0.03,0,11
3/21/1974,,47,31,0,0,11
3/22/1974,,45,24,0,0,9
3/23/1974,,46,32,0,0,7
3/24/1974,,47,31,0,0,4
3/25/1974,,47,30,0,0,3
3/26/1974,,49,25,0,0,2
3/27/1974,,44,27,0,0,1
3/28/1974,,38,34,0.12,1.2,1
3/29/1974,,39,30,0,0,1
3/30/1974,,41,32,0,0,0
3/31/1974,,40,28,0,0,0
4/1/1974,,39,28,0,0,0
4/2/1974,,40,25,0,0,0
4/3/1974,,42,25,0,0,0
4/4/1974,,40,25,0,0,0
4/5/1974,,44,30,0,0,0
4/6/1974,,38,31,0.02,0.3,0
4/7/1974,,43,26,0,0,0
4/8/1974,,42,32,0,0,0
4/9/1974,,43,31,0.04,0.4,0
4/10/1974,,43,32,0.09,0.9,1
4/11/1974,,40,32,0,0,0
4/12/1974,,42,31,0,0,0
4/13/1974,,40,33,0,0,0
4/14/1974,,43,31,0,0,0
4/15/1974,,42,32,0,0,0
4/16/1974,,45,32,0,0,0
4/17/1974,,46,33,0,0,0
4/18/1974,,45,30,0,0,0
4/19/1974,,52,26,0,0,0
4/20/1974,,49,31,0,0,0
4/21/1974,,51,26,0,0,0
4/22/1974,,43,34,0.06,0,0
4/23/1974,,43,34,0.12,0,0
4/24/1974,,49,33,0.27,0.3,0
4/25/1974,,44,28,0,0,0
4/26/1974,,52,28,0.01,0,0
4/27/1974,,52,35,0,0,0
4/28/1974,,52,34,0,0,0
4/29/1974,,60,32,0,0,0
4/30/1974,,59,31,0,0,0
5/1/1974,,59,37,0,0,0
5/2/1974,,54,40,0,0,0
5/3/1974,,54,34,0,0,0
5/4/1974,,57,35,0,0,0
5/5/1974,,53,32,0,0,0
5/6/1974,,59,29,0,0,0
5/7/1974,,59,39,0,0,0
5/8/1974,,55,40,0,0,0
5/9/1974,,54,32,0.18,0,0
5/10/1974,,55,34,0.01,0,0
5/11/1974,,55,33,0,0,0
5/12/1974,,47,37,0,0,0
5/13/1974,,51,35,0,0,0
5/14/1974,,56,38,0,0,0
5/15/1974,,56,38,0,0,0
5/16/1974,,54,35,0,0,0
5/17/1974,,45,37,0.15,0,0
5/18/1974,,54,32,0,0,0
5/19/1974,,60,43,0,0,0
5/20/1974,,59,43,0,0,0
5/21/1974,,58,38,0,0,0
5/22/1974,,65,36,0,0,0
5/23/1974,,69,38,0,0,0
5/24/1974,,70,48,0,0,0
5/25/1974,,68,47,0,0,0
5/26/1974,,68,47,0,0,0
5/27/1974,,55,40,0,0,0
5/28/1974,,53,39,0,0,0
5/29/1974,,61,37,0,0,0
5/30/1974,,68,37,0,0,0
5/31/1974,,65,41,0,0,0
6/1/1974,,57,47,0,0,0
6/2/1974,,61,46,0,0,0
6/3/1974,,59,49,0,0,0
6/4/1974,,59,47,0.01,0,0
6/5/1974,,60,44,0.03,0,0
6/6/1974,,61,47,0.17,0,0
6/7/1974,,57,43,0.08,0,0
6/8/1974,,63,48,0,0,0
6/9/1974,,71,42,0,0,0
6/10/1974,,73,50,0,0,0
6/11/1974,,70,46,0,0,0
6/12/1974,,69,55,0,0,0
6/13/1974,,63,53,0,0,0
6/14/1974,,63,50,0,0,0
6/15/1974,,65,43,0,0,0
6/16/1974,,57,49,0,0,0
6/17/1974,,60,47,0,0,0
6/18/1974,,51,46,0.33,0,0
6/19/1974,,56,44,0.07,0,0
6/20/1974,,63,45,0,0,0
6/21/1974,,61,49,0,0,0
6/22/1974,,66,48,0,0,0
6/23/1974,,75,46,0,0,0
6/24/1974,,61,53,0,0,0
6/25/1974,,67,48,0,0,0
6/26/1974,,60,47,0,0,0
6/27/1974,,65,42,0,0,0
6/28/1974,,74,45,0,0,0
6/29/1974,,64,54,0,0,0
6/30/1974,,77,48,0,0,0
7/1/1974,,78,53,0,0,0
7/2/1974,,65,46,0,0,0
7/3/1974,,59,48,0,0,0
7/4/1974,,61,50,0,0,0
7/5/1974,,60,52,0,0,0
7/6/1974,,64,52,0.08,0,0
7/7/1974,,64,53,0,0,0
7/8/1974,,65,53,0.05,0,0
7/9/1974,,61,50,0.5,0,0
7/10/1974,,68,43,0,0,0
7/11/1974,,60,50,0.19,0,0
7/12/1974,,69,46,0,0,0
7/13/1974,,65,53,0.03,0,0
7/14/1974,,63,51,0,0,0
7/15/1974,,59,49,0.09,0,0
7/16/1974,,66,47,0,0,0
7/17/1974,,71,49,0,0,0
7/18/1974,,73,49,0,0,0
7/19/1974,,62,55,0.08,0,0
7/20/1974,,57,51,0.18,0,0
7/21/1974,,57,49,0.02,0,0
7/22/1974,,63,49,0,0,0
7/23/1974,,68,46,0,0,0
7/24/1974,,64,52,0,0,0
7/25/1974,,63,53,0,0,0
7/26/1974,,68,45,0,0,0
7/27/1974,,73,51,0,0,0
7/28/1974,,70,48,0,0,0
7/29/1974,,62,53,0,0,0
7/30/1974,,64,51,0,0,0
7/31/1974,,60,49,0,0,0
8/1/1974,,71,44,0,0,0
8/2/1974,,68,52,0,0,0
8/3/1974,,62,55,0,0,0
8/4/1974,,68,48,0,0,0
8/5/1974,,69,48,0,0,0
8/6/1974,,67,47,0,0,0
8/7/1974,,60,53,0.1,0,0
8/8/1974,,57,49,0.44,0,0
8/9/1974,,60,50,0.09,0,0
8/10/1974,,61,46,0,0,0
8/11/1974,,64,49,0,0,0
8/12/1974,,61,45,0,0,0
8/13/1974,,67,50,0,0,0
8/14/1974,,63,48,0,0,0
8/15/1974,,67,47,0,0,0
8/16/1974,,70,47,0,0,0
8/17/1974,,70,54,0,0,0
8/18/1974,,70,47,0,0,0
8/19/1974,,71,47,0,0,0
8/20/1974,,67,48,0,0,0
8/21/1974,,68,42,0,0,0
8/22/1974,,62,44,0,0,0
8/23/1974,,59,34,0,0,0
8/24/1974,,51,45,0.24,0,0
8/25/1974,,55,44,0,0,0
8/26/1974,,57,48,0.33,0,0
8/27/1974,,64,50,0.29,0,0
8/28/1974,,70,54,0,0,0
8/29/1974,,60,50,0.04,0,0
8/30/1974,,73,53,0,0,0
8/31/1974,,68,51,0.09,0,0
9/1/1974,,58,50,0.1,0,0
9/2/1974,,60,47,0,0,0
9/3/1974,,63,47,0,0,0
9/4/1974,,70,46,0,0,0
9/5/1974,,67,42,0,0,0
9/6/1974,,67,42,0,0,0
9/7/1974,,62,40,0,0,0
9/8/1974,,67,39,0,0,0
9/9/1974,,63,35,0,0,0
9/10/1974,,55,45,0.03,0,0
9/11/1974,,65,48,0.03,0,0
9/12/1974,,60,52,0.05,0,0
9/13/1974,,56,44,0.23,0,0
9/14/1974,,55,47,0.06,0,0
9/15/1974,,61,44,0.15,0,0
9/16/1974,,55,39,0,0,0
9/17/1974,,54,41,0.04,0,0
9/18/1974,,53,42,0.08,0,0
9/19/1974,,49,43,0.11,0,0
9/20/1974,,59,47,0,0,0
9/21/1974,,60,43,0,0,0
9/22/1974,,52,44,0,0,0
9/23/1974,,49,44,0.53,0,0
9/24/1974,,50,42,0.08,0,0
9/25/1974,,55,45,0.04,0,0
9/26/1974,,53,42,0,0,0
9/27/1974,,50,40,0,0,0
9/28/1974,,54,29,0,0,0
9/29/1974,,50,25,0,0,0
9/30/1974,,50,28,0,0,0
10/1/1974,,36,30,0,0,0
10/2/1974,,36,25,0,0,0
10/3/1974,,34,20,0,0,0
10/4/1974,,33,27,0.35,2.8,1
10/5/1974,,36,31,0.31,0,2
10/6/1974,,39,35,0.12,0,0
10/7/1974,,41,35,0.21,0,0
10/8/1974,,43,33,0,0,0
10/9/1974,,37,28,0,0,0
10/10/1974,,40,25,0,0,0
10/11/1974,,37,27,0,0,0
10/12/1974,,40,25,0,0,0
10/13/1974,,40,32,0.23,0,0
10/14/1974,,46,35,0.37,0,0
10/15/1974,,45,29,0,0,0
10/16/1974,,41,33,0.03,0,0
10/17/1974,,41,35,0.18,0,0
10/18/1974,,40,27,0.46,1.4,0
10/19/1974,,31,28,0,0,1
10/20/1974,,32,26,0.01,0.1,1
10/21/1974,,35,28,0.01,0.1,1
10/22/1974,,40,27,0,0,1
10/23/1974,,42,29,0.26,0,0
10/24/1974,,44,33,0.01,0,0
10/25/1974,,45,30,0.03,0,0
10/26/1974,,39,30,0,0,0
10/27/1974,,46,30,0,0,0
10/28/1974,,42,26,0,0,0
10/29/1974,,42,25,0,0,0
10/30/1974,,42,34,0,0,0
10/31/1974,,43,34,0.05,0,0
11/1/1974,,43,34,0.13,0,0
11/2/1974,,39,32,0.04,0,0
11/3/1974,,36,33,0.22,1,0
11/4/1974,,36,26,0,0,0
11/5/1974,,31,22,0,0,0
11/6/1974,,33,26,0,0,0
11/7/1974,,32,26,0,0,0
11/8/1974,,33,27,0,0,0
11/9/1974,,31,17,0.16,2.9,0
11/10/1974,,18,5,0,0,3
11/11/1974,,20,15,0.02,0,3
11/12/1974,,39,20,0.16,0,1
11/13/1974,,39,22,0.01,0,0
11/14/1974,,39,31,0.13,1.7,0
11/15/1974,,32,10,0.11,2.3,5
11/16/1974,,18,5,0,0,5
11/17/1974,,10,-7,0,0,5
11/18/1974,,8,-8,0,0,5
11/19/1974,,11,-5,0,0,5
11/20/1974,,10,-2,0.01,0.3,5
11/21/1974,,21,8,0,0,5
11/22/1974,,31,17,0,0,5
11/23/1974,,23,12,0,0,3
11/24/1974,,21,14,0,0,3
11/25/1974,,22,16,0.01,0.1,3
11/26/1974,,23,17,0,0,2
11/27/1974,,30,17,0.01,0.1,2
11/28/1974,,35,25,0,0,2
11/29/1974,,41,32,0,0,1
11/30/1974,,35,30,0,0,1
12/1/1974,,34,22,0.4,6,2
12/2/1974,,23,19,0.21,4.3,10
12/3/1974,,23,14,0.03,0.8,12
12/4/1974,,22,13,0.04,0.5,12
12/5/1974,,30,20,0,0,10
12/6/1974,,31,23,0,0,8
12/7/1974,,30,21,0.03,0.4,7
12/8/1974,,33,21,0.03,0.5,7
12/9/1974,,30,20,0.02,0.2,7
12/10/1974,,26,17,0,0,7
12/11/1974,,30,21,0.01,0.2,7
12/12/1974,,26,15,0,0,7
12/13/1974,,24,10,0.01,0.1,7
12/14/1974,,28,22,0.16,2.7,7
12/15/1974,,26,13,0.02,0.2,9
12/16/1974,,21,9,0.09,1.7,10
12/17/1974,,19,8,0,0,9
12/18/1974,,21,9,0.04,1,9
12/19/1974,,22,19,0.13,2,10
12/20/1974,,20,19,0,0,11
12/21/1974,,20,15,0,0,11
12/22/1974,,25,15,0,0,11
12/23/1974,,33,24,0.13,1.1,11
12/24/1974,,34,29,0.04,0.6,12
12/25/1974,,29,20,0.01,0.1,11
12/26/1974,,25,14,0.04,0.4,11
12/27/1974,,15,-4,0,0,11
12/28/1974,,,-13,0,0,11
12/29/1974,,2,-14,0,0,11
12/30/1974,,18,-7,0.36,3.8,11
12/31/1974,,26,4,0.2,2.6,16
1/1/1975,,6,-7,0,0,16
1/2/1975,,-1,-21,0,0,16
1/3/1975,,-5,-29,0,0,15
1/4/1975,,-14,-31,0,0,14
1/5/1975,,-4,-34,0,0,13
1/6/1975,,3,-21,0,0,12
1/7/1975,,5,-19,0,0,10
1/8/1975,,-5,-21,0,0,10
1/9/1975,,-9,-20,0,0,10
1/10/1975,,8,-19,0,0,10
1/11/1975,,18,8,0.01,0.1,9
1/12/1975,,17,4,0,0,9
1/13/1975,,10,-5,0,0,9
1/14/1975,,14,-6,0.11,1.6,9
1/15/1975,,22,14,0.12,1.8,12
1/16/1975,,29,21,0,0,13
1/17/1975,,42,25,0,0,13
1/18/1975,,42,27,0,0,12
1/19/1975,,38,19,0,0,12
1/20/1975,,37,25,0,0,11
1/21/1975,,31,25,0,0,11
1/22/1975,,32,25,0,0,11
1/23/1975,,34,25,0,0,10
1/24/1975,,31,21,0.01,0.1,10
1/25/1975,,41,26,0.04,0.3,10
1/26/1975,,42,32,0.14,1.8,8
1/27/1975,,39,30,0,0,10
1/28/1975,,38,28,0,0,10
1/29/1975,,28,9,0,0,9
1/30/1975,,20,7,0,0,9
1/31/1975,,15,-6,0,0,9
2/1/1975,,18,-4,0,0,9
2/2/1975,,16,-6,0,0,9
2/3/1975,,10,-9,0,0,9
2/4/1975,,8,-9,0.01,0.4,9
2/5/1975,,9,-12,0,0,9
2/6/1975,,15,-5,0,0,9
2/7/1975,,17,-2,0,0,9
2/8/1975,,17,,0,0,9
2/9/1975,,19,-3,0,0,9
2/10/1975,,18,7,0,0,9
2/11/1975,,11,-12,0,0,9
2/12/1975,,5,-5,0,0,9
2/13/1975,,5,-1,0,0,9
2/14/1975,,12,-1,0.04,1.9,9
2/15/1975,,15,,0.04,0.7,10
2/16/1975,,17,7,0.1,1.9,12
2/17/1975,,25,16,0,0,12
2/18/1975,,34,15,0.23,3.4,12
2/19/1975,,17,10,0.03,0.6,16
2/20/1975,,18,10,0.01,0.2,15
2/21/1975,,34,14,0.08,1.3,16
2/22/1975,,37,22,0.04,0.4,15
2/23/1975,,29,12,0.14,3.6,16
2/24/1975,,23,7,0.01,0.3,18
2/25/1975,,37,22,0.04,0.7,17
2/26/1975,,41,33,0,0,16
2/27/1975,,40,26,0,0,16
2/28/1975,,33,11,0,0,15
3/1/1975,,27,2,0,0,15
3/2/1975,,23,2,0,0,15
3/3/1975,,24,-2,0,0,15
3/4/1975,,29,21,0.03,0.4,15
3/5/1975,,30,20,0.02,0.5,15
3/6/1975,,32,6,0,0,15
3/7/1975,,30,4,0,0,15
3/8/1975,,29,4,0,0,15
3/9/1975,,33,5,0,0,15
3/10/1975,,34,22,0,0,15
3/11/1975,,34,24,0.03,0.4,15
3/12/1975,,38,17,0,0,15
3/13/1975,,39,17,0,0,15
3/14/1975,,32,10,0,0,15
3/15/1975,,35,20,0,0,15
3/16/1975,,37,13,0,0,15
3/17/1975,,34,21,0,0,15
3/18/1975,,28,18,0,0,15
3/19/1975,,21,9,0,0,15
3/20/1975,,18,9,0.05,1.2,15
3/21/1975,,18,8,0.09,1.5,17
3/22/1975,,15,4,0.04,0.4,17
3/23/1975,,23,9,0,0,17
3/24/1975,,25,15,0,0,17
3/25/1975,,30,18,0.01,0.2,16
3/26/1975,,32,22,0,0,16
3/27/1975,,42,27,0,0,16
3/28/1975,,43,30,0.03,0.2,15
3/29/1975,,34,26,0.05,0.5,13
3/30/1975,,36,23,0.06,1.3,14
3/31/1975,,34,30,0.13,1.7,14
4/1/1975,,31,24,0.01,0.2,16
4/2/1975,,34,21,0,0,15
4/3/1975,,32,14,0,0,14
4/4/1975,,29,14,0.01,0.1,14
4/5/1975,,35,27,0.11,1.5,14
4/6/1975,,39,32,0,0,15
4/7/1975,,39,28,0,0,14
4/8/1975,,35,25,0.23,3.7,13
4/9/1975,,39,32,0.03,0.3,16
4/10/1975,,40,34,0,0,16
4/11/1975,,43,33,0,0,14
4/12/1975,,38,30,0,0,13
4/13/1975,,37,26,0.03,0.4,13
4/14/1975,,39,34,0.13,0.5,13
4/15/1975,,41,35,0.04,0,11
4/16/1975,,37,34,0.46,0.9,8
4/17/1975,,36,30,0.36,3,8
4/18/1975,,32,24,0,0,9
4/19/1975,,32,21,0,0,8
4/20/1975,,41,16,0,0,8
4/21/1975,,37,21,0,0,8
4/22/1975,,42,26,0,0,8
4/23/1975,,42,25,0,0,7
4/24/1975,,46,29,0,0,6
4/25/1975,,44,34,0,0,5
4/26/1975,,38,31,0.3,5.5,4
4/27/1975,,40,28,0,0,7
4/28/1975,,45,28,0,0,6
4/29/1975,,44,33,0,0,3
4/30/1975,,45,34,0,0,2
5/1/1975,,47,33,0,0,2
5/2/1975,,55,34,0,0,1
5/3/1975,,47,35,0,0,0
5/4/1975,,41,35,0.08,0.4,0
5/5/1975,,45,35,0,0,0
5/6/1975,,46,34,0,0,0
5/7/1975,,44,31,0,0,0
5/8/1975,,54,30,0,0,0
5/9/1975,,47,39,0.16,0,0
5/10/1975,,62,42,0,0,0
5/11/1975,,58,40,0,0,0
5/12/1975,,54,43,0,0,0
5/13/1975,,55,36,0,0,0
5/14/1975,,59,36,0,0,0
5/15/1975,,55,41,0,0,0
5/16/1975,,54,43,0,0,0
5/17/1975,,54,41,0,0,0
5/18/1975,,58,44,0,0,0
5/19/1975,,58,44,0,0,0
5/20/1975,,50,42,0,0,0
5/21/1975,,52,36,0.02,0,0
5/22/1975,,49,36,0,0,0
5/23/1975,,58,34,0,0,0
5/24/1975,,56,42,0.02,0,0
5/25/1975,,57,42,0.09,0,0
5/26/1975,,58,44,0,0,0
5/27/1975,,54,44,0,0,0
5/28/1975,,57,44,0.02,0,0
5/29/1975,,59,44,0.01,0,0
5/30/1975,,55,41,0,0,0
5/31/1975,,69,37,0,0,0
6/1/1975,,60,51,0,0,0
6/2/1975,,51,43,0.07,0,0
6/3/1975,,60,41,0.04,0,0
6/4/1975,,53,42,0.05,0,0
6/5/1975,,62,37,0,0,0
6/6/1975,,56,46,0,0,0
6/7/1975,,62,46,0,0,0
6/8/1975,,57,47,0,0,0
6/9/1975,,55,44,0,0,0
6/10/1975,,57,46,0,0,0
6/11/1975,,59,45,0,0,0
6/12/1975,,59,36,0,0,0
6/13/1975,,59,49,0,0,0
6/14/1975,,59,47,0,0,0
6/15/1975,,64,44,0,0,0
6/16/1975,,67,48,0,0,0
6/17/1975,,57,47,0.06,0,0
6/18/1975,,59,46,0.01,0,0
6/19/1975,,57,49,0.04,0,0
6/20/1975,,60,46,0.09,0,0
6/21/1975,,63,53,0,0,0
6/22/1975,,55,49,0.1,0,0
6/23/1975,,58,48,0.01,0,0
6/24/1975,,62,47,0,0,0
6/25/1975,,61,44,0,0,0
6/26/1975,,67,43,0,0,0
6/27/1975,,66,43,0,0,0
6/28/1975,,69,46,0,0,0
6/29/1975,,65,54,0,0,0
6/30/1975,,60,51,0,0,0
7/1/1975,,59,49,0.03,0,0
7/2/1975,,68,53,0,0,0
7/3/1975,,64,51,0,0,0
7/4/1975,,61,50,0.02,0,0
7/5/1975,,64,48,0,0,0
7/6/1975,,71,49,0,0,0
7/7/1975,,69,52,0,0,0
7/8/1975,,73,55,0,0,0
7/9/1975,,78,53,0,0,0
7/10/1975,,74,57,0,0,0
7/11/1975,,76,50,0,0,0
7/12/1975,,62,52,0.38,0,0
7/13/1975,,60,53,0.24,0,0
7/14/1975,,64,49,0,0,0
7/15/1975,,60,53,0,0,0
7/16/1975,,63,52,0,0,0
7/17/1975,,67,54,0,0,0
7/18/1975,,67,56,0,0,0
7/19/1975,,57,55,0.22,0,0
7/20/1975,,60,54,0.08,0,0
7/21/1975,,59,54,0,0,0
7/22/1975,,67,52,0,0,0
7/23/1975,,63,46,0,0,0
7/24/1975,,64,53,0,0,0
7/25/1975,,64,53,0,0,0
7/26/1975,,61,51,0.02,0,0
7/27/1975,,70,51,0,0,0
7/28/1975,,68,53,0,0,0
7/29/1975,,60,53,0.09,0,0
7/30/1975,,60,52,0.21,0,0
7/31/1975,,62,52,0.04,0,0
8/1/1975,,61,53,0.01,0,0
8/2/1975,,63,54,0,0,0
8/3/1975,,68,47,0,0,0
8/4/1975,,68,53,0.04,0,0
8/5/1975,,69,55,0.27,0,0
8/6/1975,,68,54,0,0,0
8/7/1975,,71,49,0,0,0
8/8/1975,,60,55,0.49,0,0
8/9/1975,,62,51,0,0,0
8/10/1975,,67,54,0,0,0
8/11/1975,,67,56,0,0,0
8/12/1975,,61,54,0.02,0,0
8/13/1975,,60,55,0.03,0,0
8/14/1975,,64,55,0.02,0,0
8/15/1975,,62,54,0,0,0
8/16/1975,,67,45,0,0,0
8/17/1975,,65,55,0,0,0
8/18/1975,,62,53,0.04,0,0
8/19/1975,,62,51,0.03,0,0
8/20/1975,,63,50,0.03,0,0
8/21/1975,,61,45,0,0,0
8/22/1975,,55,47,0,0,0
8/23/1975,,56,49,0,0,0
8/24/1975,,55,49,0,0,0
8/25/1975,,59,50,0,0,0
8/26/1975,,66,49,0.04,0,0
8/27/1975,,64,49,0,0,0
8/28/1975,,62,44,0,0,0
8/29/1975,,63,38,0,0,0
8/30/1975,,55,45,0.14,0,0
8/31/1975,,55,49,0.03,0,0
9/1/1975,,58,49,0.04,0,0
9/2/1975,,59,48,0,0,0
9/3/1975,,63,43,0,0,0
9/4/1975,,59,52,0.01,0,0
9/5/1975,,55,48,0.14,0,0
9/6/1975,,53,45,0.2,0,0
9/7/1975,,52,45,0,0,0
9/8/1975,,50,42,0.47,0,0
9/9/1975,,50,41,0.47,0,0
9/10/1975,,54,44,1.19,0,0
9/11/1975,,52,48,0.97,0,0
9/12/1975,,57,44,0,0,0
9/13/1975,,54,35,0,0,0
9/14/1975,,49,39,0.04,0,0
9/15/1975,,55,45,0,0,0
9/16/1975,,56,45,0,0,0
9/17/1975,,59,49,0.22,0,0
9/18/1975,,58,50,0.01,0,0
9/19/1975,,53,51,0,0,0
9/20/1975,,56,45,0.02,0,0
9/21/1975,,53,45,0.4,0,0
9/22/1975,,53,46,0.14,0,0
9/23/1975,,59,42,0,0,0
9/24/1975,,53,40,0.01,0,0
9/25/1975,,53,48,0.13,0,0
9/26/1975,,59,47,0,0,0
9/27/1975,,56,38,0,0,0
9/28/1975,,50,35,0.01,0,0
9/29/1975,,51,40,0.05,0,0
9/30/1975,,47,32,0,0,0
10/1/1975,,50,36,0.01,0,0
10/2/1975,,45,35,0.01,0,0
10/3/1975,,53,40,0.02,0,0
10/4/1975,,50,37,0,0,0
10/5/1975,,47,40,0,0,0
10/6/1975,,50,30,0,0,0
10/7/1975,,49,29,0,0,0
10/8/1975,,46,29,0,0,0
10/9/1975,,42,24,0,0,0
10/10/1975,,41,33,0.08,0,0
10/11/1975,,39,37,0.44,0,0
10/12/1975,,50,38,0,0,0
10/13/1975,,43,38,0.08,0,0
10/14/1975,,46,33,0,0,0
10/15/1975,,43,33,0,0,0
10/16/1975,,45,33,0,0,0
10/17/1975,,48,29,0,0,0
10/18/1975,,39,27,0,0,0
10/19/1975,,38,23,0,0,0
10/20/1975,,39,22,0,0,0
10/21/1975,,41,35,0.04,0,0
10/22/1975,,44,36,0.01,0,0
10/23/1975,,47,42,0,0,0
10/24/1975,,42,28,0,0,0
10/25/1975,,40,22,0,0,0
10/26/1975,,35,26,0,0,0
10/27/1975,,29,13,0,0,0
10/28/1975,,28,14,0,0,0
10/29/1975,,18,13,0,0,0
10/30/1975,,16,8,0,0,0
10/31/1975,,13,5,0,0,0
11/1/1975,,11,1,0,0,0
11/2/1975,,14,-5,0,0,0
11/3/1975,,15,-7,0,0,0
11/4/1975,,14,-4,0,0,0
11/5/1975,,15,-4,0,0,0
11/6/1975,,22,6,0,0,0
11/7/1975,,21,3,0,0,0
11/8/1975,,17,3,0,0,0
11/9/1975,,18,13,0.07,1.5,0
11/10/1975,,15,7,0,0,1
11/11/1975,,18,7,0.02,0.3,1
11/12/1975,,20,2,0,0,2
11/13/1975,,16,,0.01,0.2,2
11/14/1975,,16,2,0,0,2
11/15/1975,,15,,0,0,2
11/16/1975,,12,-5,0,0,1
11/17/1975,,18,9,0,0,1
11/18/1975,,28,18,0,0,1
11/19/1975,,34,26,0,0,1
11/20/1975,,31,18,0,0,1
11/21/1975,,28,19,0,0,1
11/22/1975,,29,21,0,0,1
11/23/1975,,26,14,0,0,1
11/24/1975,,27,14,0,0,1
11/25/1975,,28,18,0,0,1
11/26/1975,,29,22,0,0,1
11/27/1975,,28,22,0,0,1
11/28/1975,,24,8,0,0,1
11/29/1975,,16,3,0,0,1
11/30/1975,,17,1,0,0,1
12/1/1975,,12,-2,0,0,0
12/2/1975,,9,-9,0,0,0
12/3/1975,,9,-11,0,0,0
12/4/1975,,3,-13,0,0,0
12/5/1975,,5,-15,0,0,0
12/6/1975,,-3,-20,0,0,0
12/7/1975,,-7,-20,0,0,0
12/8/1975,,-4,-21,0,0,0
12/9/1975,,-2,-18,0,0,0
12/10/1975,,,-17,0.04,0.5,0
12/11/1975,,1,-8,0.05,0.7,1
12/12/1975,,6,-4,0,0.1,2
12/13/1975,,18,3,0.17,2.4,2
12/14/1975,,18,2,0.01,0.1,5
12/15/1975,,21,5,0.18,2.1,5
12/16/1975,,42,21,0.03,0.1,6
12/17/1975,,43,33,0.03,0.6,5
12/18/1975,,38,23,0,0,5
12/19/1975,,33,28,0.13,1.4,5
12/20/1975,,33,18,0,0,6
12/21/1975,,23,15,0,0,6
12/22/1975,,30,16,0,0,6
12/23/1975,,28,13,0,0,6
12/24/1975,,22,10,0,0,5
12/25/1975,,27,17,0,0,4
12/26/1975,,26,14,0.03,0.3,4
12/27/1975,,29,23,0.08,1.2,5
12/28/1975,,34,22,0.1,1.4,5
12/29/1975,,28,15,0.03,0.5,7
12/30/1975,,21,13,0,0,7
12/31/1975,,26,17,0.01,0.1,7
1/1/1976,,21,2,0,0,7
1/2/1976,,12,-2,0,0,7
1/3/1976,,12,-2,0,0,7
1/4/1976,,7,-5,0,0,7
1/5/1976,,17,5,0,0,7
1/6/1976,,19,15,0,0,7
1/7/1976,,15,5,0,0,7
1/8/1976,,7,1,0.01,0.2,7
1/9/1976,,4,-5,0,0,7
1/10/1976,,2,-10,0,0,6
1/11/1976,,2,-10,0,0,6
1/12/1976,,1,-4,0,0,6
1/13/1976,,3,-4,0,0,6
1/14/1976,,14,-5,0,0,6
1/15/1976,,23,13,0,0,6
1/16/1976,,28,22,0,0,6
1/17/1976,,30,15,0,0,6
1/18/1976,,40,28,0.13,2.1,7
1/19/1976,,40,32,0.02,0,9
1/20/1976,,37,29,0.01,0.1,7
1/21/1976,,38,28,0.04,0.6,8
1/22/1976,,31,19,0.13,1.5,9
1/23/1976,,25,15,0.06,0.9,11
1/24/1976,,21,13,0.12,1.8,11
1/25/1976,,29,20,0.04,0.4,13
1/26/1976,,31,23,0,0,13
1/27/1976,,36,22,0.25,0.8,12
1/28/1976,,36,23,0,0,10
1/29/1976,,37,28,0.07,0.1,10
1/30/1976,,38,30,0.03,0.1,8
1/31/1976,,34,26,0.07,1.1,8
2/1/1976,,27,7,0,0,9
2/2/1976,,17,2,0,0,9
2/3/1976,,37,17,0.02,0.1,9
2/4/1976,,43,34,0.02,0,8
2/5/1976,,42,33,0,0,7
2/6/1976,,38,32,0.18,0,6
2/7/1976,,32,4,0.03,0.3,6
2/8/1976,,8,2,0,0,5
2/9/1976,,4,-11,0,0,5
2/10/1976,,4,-13,0,0,5
2/11/1976,,9,4,0.02,0.6,5
2/12/1976,,17,7,0,0,4
2/13/1976,,23,13,0,0,4
2/14/1976,,27,10,0,0,4
2/15/1976,,26,9,0,0,4
2/16/1976,,21,3,0,0,4
2/17/1976,,19,1,0,0,4
2/18/1976,,18,-2,0,0,4
2/19/1976,,17,10,0,0,4
2/20/1976,,17,-2,0,0,4
2/21/1976,,12,-8,0,0,4
2/22/1976,,13,4,0,0,4
2/23/1976,,14,-3,0.04,0.7,4
2/24/1976,,16,,0.02,0.1,4
2/25/1976,,17,-5,0,0,4
2/26/1976,,19,-5,0,0,3
2/27/1976,,24,-3,0,0,3
2/28/1976,,20,-3,0,0,3
2/29/1976,,22,-2,0,0,3
3/1/1976,,23,9,0,0,3
3/2/1976,,37,22,0.03,0.4,3
3/3/1976,,39,34,0,0,3
3/4/1976,,38,31,0.09,0,2
3/5/1976,,31,20,0,0,0
3/6/1976,,39,27,0.06,0.4,0
3/7/1976,,37,31,0.02,0.4,0
3/8/1976,,31,17,0,0,0
3/9/1976,,28,15,0,0,0
3/10/1976,,26,18,0,0,0
3/11/1976,,30,11,0,0,0
3/12/1976,,22,7,0,0,0
3/13/1976,,24,19,0.23,3,1
3/14/1976,,21,8,0.01,0.2,3
3/15/1976,,21,15,0.14,1.8,3
3/16/1976,,24,16,0.12,1.4,6
3/17/1976,,17,13,0.13,4.4,6
3/18/1976,,21,17,0.72,14.3,14
3/19/1976,,32,13,0.04,1.2,24
3/20/1976,,31,23,0.01,0.2,16
3/21/1976,,37,26,0,0,14
3/22/1976,,36,28,0,0,13
3/23/1976,,37,27,0,0,12
3/24/1976,,31,26,0,0,11
3/25/1976,,26,19,0.17,3,14
3/26/1976,,29,4,0,0,13
3/27/1976,,30,21,0,0,12
3/28/1976,,31,22,0,0,10
3/29/1976,,28,18,0,0,10
3/30/1976,,25,11,0,0,10
3/31/1976,,26,18,0,0,10
4/1/1976,,39,26,0,0,9
4/2/1976,,39,25,0,0,8
4/3/1976,,36,31,0.08,1.1,8
4/4/1976,,39,27,0,0,8
4/5/1976,,38,22,0,0,7
4/6/1976,,35,17,0,0,7
4/7/1976,,36,19,0,0,7
4/8/1976,,40,28,0,0,7
4/9/1976,,40,31,0,0,7
4/10/1976,,40,35,0,0,6
4/11/1976,,40,32,0,0,4
4/12/1976,,38,31,0.11,0.7,3
4/13/1976,,35,28,0.13,1.4,5
4/14/1976,,34,25,0,0,4
4/15/1976,,36,20,0,0,4
4/16/1976,,38,26,0,0,3
4/17/1976,,48,26,0,0,3
4/18/1976,,42,30,0,0,2
4/19/1976,,45,34,0,0,1
4/20/1976,,40,31,0,0,0
4/21/1976,,40,32,0,0,0
4/22/1976,,44,30,0,0,0
4/23/1976,,44,29,0,0,0
4/24/1976,,35,28,0.07,0.7,0
4/25/1976,,32,25,0.05,0.6,0
4/26/1976,,43,32,0.3,1.1,1
4/27/1976,,46,35,0,0,0
4/28/1976,,54,33,0,0,0
4/29/1976,,55,32,0,0,0
4/30/1976,,65,33,0,0,0
5/1/1976,,58,35,0.01,0,0
5/2/1976,,53,36,0,0,0
5/3/1976,,49,38,0,0,0
5/4/1976,,52,40,0,0,0
5/5/1976,,46,34,0,0,0
5/6/1976,,47,34,0,0,0
5/7/1976,,50,36,0,0,0
5/8/1976,,51,35,0,0,0
5/9/1976,,49,32,0,0,0
5/10/1976,,52,36,0,0,0
5/11/1976,,53,38,0,0,0
5/12/1976,,52,40,0.04,0,0
5/13/1976,,47,39,0,0,0
5/14/1976,,48,37,0.03,0,0
5/15/1976,,47,37,0,0,0
5/16/1976,,51,33,0,0,0
5/17/1976,,55,36,0,0,0
5/18/1976,,49,42,0,0,0
5/19/1976,,45,39,0,0,0
5/20/1976,,53,39,0,0,0
5/21/1976,,51,42,0,0,0
5/22/1976,,55,41,0,0,0
5/23/1976,,50,42,0.03,0,0
5/24/1976,,49,39,0,0,0
5/25/1976,,56,34,0,0,0
5/26/1976,,56,39,0,0,0
5/27/1976,,50,43,0,0,0
5/28/1976,,52,41,0.05,0,0
5/29/1976,,58,43,0,0,0
5/30/1976,,60,38,0,0,0
5/31/1976,,63,40,0,0,0
6/1/1976,,66,40,0,0,0
6/2/1976,,60,39,0,0,0
6/3/1976,,54,39,0,0,0
6/4/1976,,57,45,0,0,0
6/5/1976,,52,45,0.2,0,0
6/6/1976,,53,44,0,0,0
6/7/1976,,56,45,0,0,0
6/8/1976,,59,46,0,0,0
6/9/1976,,52,44,0.08,0,0
6/10/1976,,62,45,0,0,0
6/11/1976,,66,42,0,0,0
6/12/1976,,68,47,0,0,0
6/13/1976,,65,47,0,0,0
6/14/1976,,68,43,0,0,0
6/15/1976,,67,53,0,0,0
6/16/1976,,57,48,0.01,0,0
6/17/1976,,57,48,0,0,0
6/18/1976,,58,46,0,0,0
6/19/1976,,62,41,0,0,0
6/20/1976,,58,47,0,0,0
6/21/1976,,57,49,0,0,0
6/22/1976,,57,47,0.04,0,0
6/23/1976,,62,47,0,0,0
6/24/1976,,68,45,0,0,0
6/25/1976,,67,47,0,0,0
6/26/1976,,72,45,0,0,0
6/27/1976,,64,51,0,0,0
6/28/1976,,65,45,0,0,0
6/29/1976,,72,46,0,0,0
6/30/1976,,70,51,0,0,0
7/1/1976,,60,57,0.01,0,0
7/2/1976,,65,51,0,0,0
7/3/1976,,61,48,0,0,0
7/4/1976,,54,49,0,0,0
7/5/1976,,58,51,0.01,0,0
7/6/1976,,74,50,0,0,0
7/7/1976,,72,53,0,0,0
7/8/1976,,76,50,0.05,0,0
7/9/1976,,78,57,0,0,0
7/10/1976,,68,59,0,0,0
7/11/1976,,68,55,0,0,0
7/12/1976,,64,53,0,0,0
7/13/1976,,64,49,0,0,0
7/14/1976,,69,49,0,0,0
7/15/1976,,64,55,0,0,0
7/16/1976,,68,54,0.18,0,0
7/17/1976,,63,53,0.17,0,0
7/18/1976,,61,53,0,0,0
7/19/1976,,61,48,0,0,0
7/20/1976,,71,52,0,0,0
7/21/1976,,70,53,0,0,0
7/22/1976,,58,55,0.1,0,0
7/23/1976,,63,47,0.02,0,0
7/24/1976,,65,42,0,0,0
7/25/1976,,66,46,0,0,0
7/26/1976,,68,44,0,0,0
7/27/1976,,68,52,0,0,0
7/28/1976,,62,56,0,0,0
7/29/1976,,70,56,0.01,0,0
7/30/1976,,67,53,0.05,0,0
7/31/1976,,73,53,0,0,0
8/1/1976,,67,50,0,0,0
8/2/1976,,63,49,0,0,0
8/3/1976,,71,48,0,0,0
8/4/1976,,68,56,0,0,0
8/5/1976,,68,54,0,0,0
8/6/1976,,58,53,0.3,0,0
8/7/1976,,67,55,0.03,0,0
8/8/1976,,57,53,0.3,0,0
8/9/1976,,58,53,0.13,0,0
8/10/1976,,68,53,0,0,0
8/11/1976,,64,55,0,0,0
8/12/1976,,61,50,0,0,0
8/13/1976,,63,50,0,0,0
8/14/1976,,58,52,0,0,0
8/15/1976,,59,53,0.01,0,0
8/16/1976,,58,53,0.11,0,0
8/17/1976,,60,52,0.04,0,0
8/18/1976,,57,51,0.05,0,0
8/19/1976,,61,52,0,0,0
8/20/1976,,68,49,0,0,0
8/21/1976,,68,44,0,0,0
8/22/1976,,70,43,0,0,0
8/23/1976,,70,49,0,0,0
8/24/1976,,65,50,0,0,0
8/25/1976,,64,47,0,0,0
8/26/1976,,55,44,0,0,0
8/27/1976,,57,47,0,0,0
8/28/1976,,61,44,0,0,0
8/29/1976,,62,42,0,0,0
8/30/1976,,60,47,0,0,0
8/31/1976,,60,43,0,0,0
9/1/1976,,60,48,0,0,0
9/2/1976,,55,43,0,0,0
9/3/1976,,58,37,0,0,0
9/4/1976,,56,41,0,0,0
9/5/1976,,54,37,0,0,0
9/6/1976,,60,33,0,0,0
9/7/1976,,53,45,0.06,0,0
9/8/1976,,52,46,0.27,0,0
9/9/1976,,58,42,0,0,0
9/10/1976,,54,41,0.4,0,0
9/11/1976,,54,43,0,0,0
9/12/1976,,52,39,0,0,0
9/13/1976,,54,44,0,0,0
9/14/1976,,55,44,0.04,0,0
9/15/1976,,52,43,0.21,0,0
9/16/1976,,53,46,0,0,0
9/17/1976,,54,43,0.15,0,0
9/18/1976,,46,41,0.25,0,0
9/19/1976,,55,43,0.08,0,0
9/20/1976,,52,41,1.2,0,0
9/21/1976,,48,44,0.35,0,0
9/22/1976,,54,45,0,0,0
9/23/1976,,56,38,0,0,0
9/24/1976,,60,42,0,0,0
9/25/1976,,53,41,0,0,0
9/26/1976,,50,43,0.02,0,0
9/27/1976,,53,36,0.02,0,0
9/28/1976,,51,40,0.45,0,0
9/29/1976,,47,33,0,0,0
9/30/1976,,48,31,0,0,0
10/1/1976,,50,27,0,0,0
10/2/1976,,48,27,0,0,0
10/3/1976,,44,35,0,0,0
10/4/1976,,49,36,0,0,0
10/5/1976,,52,40,0.08,0,0
10/6/1976,,46,41,0.08,0,0
10/7/1976,,45,27,0,0,0
10/8/1976,,44,24,0,0,0
10/9/1976,,41,23,0,0,0
10/10/1976,,40,35,0,0,0
10/11/1976,,40,32,0,0,0
10/12/1976,,36,22,0,0,0
10/13/1976,,37,21,0,0,0
10/14/1976,,39,33,0.05,0,0
10/15/1976,,46,33,0,0,0
10/16/1976,,44,36,0,0,0
10/17/1976,,48,39,0,0,0
10/18/1976,,45,35,0,0,0
10/19/1976,,40,35,0.01,0,0
10/20/1976,,44,38,0.13,0,0
10/21/1976,,44,37,0,0,0
10/22/1976,,37,33,0,0,0
10/23/1976,,36,29,0,0,0
10/24/1976,,35,29,0,0,0
10/25/1976,,33,19,0.62,6.7,0
10/26/1976,,19,15,0.25,3.8,11
10/27/1976,,18,9,0.01,0.3,11
10/28/1976,,25,12,0.05,0.5,9
10/29/1976,,25,6,0.01,0.1,8
10/30/1976,,26,13,0,0,7
10/31/1976,,35,18,0,0,6
11/1/1976,,29,13,0,0,6
11/2/1976,,28,20,0,0,5
11/3/1976,,29,23,0,0,5
11/4/1976,,32,21,0,0,5
11/5/1976,,37,28,0,0,5
11/6/1976,,32,23,0.02,0.2,5
11/7/1976,,41,30,0,0,5
11/8/1976,,41,25,0.12,0,2
11/9/1976,,33,25,0.52,5.8,1
11/10/1976,,41,26,0.08,1.1,6
11/11/1976,,36,27,0,0,4
11/12/1976,,40,32,0.18,0,4
11/13/1976,,46,32,0,0,3
11/14/1976,,40,28,0.01,0,2
11/15/1976,,40,33,0.01,0,1
11/16/1976,,42,25,0,0,0
11/17/1976,,29,19,0,0,0
11/18/1976,,27,17,0,0,0
11/19/1976,,27,15,0,0,0
11/20/1976,,36,18,0,0,0
11/21/1976,,36,30,0,0,0
11/22/1976,,34,30,0.01,0.1,0
11/23/1976,,33,24,0,0,0
11/24/1976,,31,22,0.03,0.8,0
11/25/1976,,31,18,0.01,0.1,1
11/26/1976,,32,18,0.33,2.7,2
11/27/1976,,35,32,0.48,0,1
11/28/1976,,47,35,0.12,0,1
11/29/1976,,46,33,0.4,0.3,0
11/30/1976,,45,33,0.52,0,0
12/1/1976,,37,27,0.18,1.5,0
12/2/1976,,28,25,0.23,2.5,2
12/3/1976,,25,19,0,0,4
12/4/1976,,22,16,0.01,0.1,4
12/5/1976,,24,18,0.04,0.5,4
12/6/1976,,32,22,0.2,3.1,6
12/7/1976,,22,11,0.08,0.6,8
12/8/1976,,13,-9,0,0,8
12/9/1976,,9,-1,0.06,1.3,7
12/10/1976,,15,6,0.05,1.1,8
12/11/1976,,39,14,0,0,8
12/12/1976,,36,25,0.07,1.2,8
12/13/1976,,39,23,0.02,0.2,8
12/14/1976,,34,27,0,0,7
12/15/1976,,31,27,0.04,0.6,7
12/16/1976,,28,12,0.03,0.6,7
12/17/1976,,23,17,0.01,0.2,8
12/18/1976,,22,18,0,0,8
12/19/1976,,27,22,0,0,8
12/20/1976,,28,23,0,0,8
12/21/1976,,33,27,0,0,8
12/22/1976,,34,19,0,0,8
12/23/1976,,27,19,0,0,8
12/24/1976,,29,22,0,0,8
12/25/1976,,29,19,0,0,8
12/26/1976,,28,22,0.01,0.3,8
12/27/1976,,31,23,0,0,8
12/28/1976,,29,22,0,0,8
12/29/1976,,28,22,0,0,8
12/30/1976,,26,15,0,0,8
12/31/1976,,29,21,0,0,7
1/1/1977,,33,25,0.03,0.4,7
1/2/1977,,32,24,0.19,2.6,10
1/3/1977,,32,22,0,0,10
1/4/1977,,44,32,0.01,0,10
1/5/1977,,42,33,0.04,0,8
1/6/1977,,35,29,0,0,5
1/7/1977,,32,29,0,0,5
1/8/1977,,35,30,0,0,5
1/9/1977,,30,25,0,0,5
1/10/1977,,31,27,0.05,0.5,5
1/11/1977,,32,31,0,0,5
1/12/1977,,32,16,0,0,5
1/13/1977,,24,14,0,0,5
1/14/1977,,36,23,0,0,5
1/15/1977,,34,27,0,0,5
1/16/1977,,43,29,0,0,5
1/17/1977,,44,33,0,0,5
1/18/1977,,44,29,0,0,4
1/19/1977,,29,19,0,0,4
1/20/1977,,29,21,0,0,4
1/21/1977,,31,24,0.03,0.4,3
1/22/1977,,43,30,0.1,0.1,2
1/23/1977,,48,32,0,0,1
1/24/1977,,49,33,0.03,0,1
1/25/1977,,47,35,0.54,0.2,1
1/26/1977,,36,32,0.27,0.8,1
1/27/1977,,34,32,0,0,0
1/28/1977,,34,32,0.01,0,0
1/29/1977,,40,31,0,0,0
1/30/1977,,40,30,0,0,0
1/31/1977,,33,26,0.05,1.1,0
2/1/1977,,35,31,0.05,0,1
2/2/1977,,46,35,0.2,0,0
2/3/1977,,42,33,0,0,0
2/4/1977,,45,32,0.02,0,0
2/5/1977,,45,34,0,0,0
2/6/1977,,41,34,0,0,0
2/7/1977,,43,33,0,0,0
2/8/1977,,39,29,0,0,0
2/9/1977,,39,23,0.25,2,0
2/10/1977,,33,21,0,0.1,2
2/11/1977,,32,26,0,0,2
2/12/1977,,30,19,0,0,2
2/13/1977,,34,27,0,0,2
2/14/1977,,43,28,0,0,2
2/15/1977,,42,24,0,0,1
2/16/1977,,33,19,0,0,1
2/17/1977,,34,17,0,0,1
2/18/1977,,37,26,0,0,1
2/19/1977,,48,33,0,0,1
2/20/1977,,43,30,0,0,0
2/21/1977,,44,33,0,0,0
2/22/1977,,41,33,0,0,0
2/23/1977,,38,27,0,0,0
2/24/1977,,34,26,0,0,0
2/25/1977,,37,25,0,0,0
2/26/1977,,36,20,0,0,0
2/27/1977,,31,18,0,0,0
2/28/1977,,31,18,0,0,0
3/1/1977,,29,24,0,0,0
3/2/1977,,37,27,0,0,0
3/3/1977,,37,25,0.03,0.4,0
3/4/1977,,36,23,0.06,0.8,0
3/5/1977,,23,14,0.02,0.2,1
3/6/1977,,22,8,0,0,1
3/7/1977,,23,-3,0,0,1
3/8/1977,,27,4,0,0,1
3/9/1977,,26,16,0.03,0.3,1
3/10/1977,,28,17,0.05,0.5,1
3/11/1977,,33,19,0,0,1
3/12/1977,,27,8,0,0,1
3/13/1977,,28,17,0.19,1.8,2
3/14/1977,,29,16,0,0,3
3/15/1977,,40,26,0.24,2.7,5
3/16/1977,,42,33,0.01,0.1,5
3/17/1977,,37,15,0,0,3
3/18/1977,,34,10,0,0,3
3/19/1977,,33,22,0,0,3
3/20/1977,,37,23,0,0,3
3/21/1977,,34,22,0,0,3
3/22/1977,,31,20,0,0,2
3/23/1977,,27,14,0,0,2
3/24/1977,,22,8,0.01,0.1,2
3/25/1977,,35,19,0,0,2
3/26/1977,,35,24,0.05,0.6,2
3/27/1977,,28,15,0,0,2
3/28/1977,,36,18,0,0,2
3/29/1977,,36,25,0.14,1.8,3
3/30/1977,,35,25,0,0,3
3/31/1977,,33,19,0.01,0.2,3
4/1/1977,,30,24,0.61,8,4
4/2/1977,,42,30,0.06,0,11
4/3/1977,,42,36,0.18,0,4
4/4/1977,,47,36,0,0,3
4/5/1977,,42,29,0,0,0
4/6/1977,,40,29,0,0,0
4/7/1977,,42,32,0,0,0
4/8/1977,,42,31,0,0,0
4/9/1977,,42,35,0,0,0
4/10/1977,,47,27,0.12,1.6,0
4/11/1977,,29,20,0.07,0.7,1
4/12/1977,,27,21,0.1,1.4,4
4/13/1977,,31,15,0.01,0.2,4
4/14/1977,,41,21,0,0,4
4/15/1977,,36,23,0,0,3
4/16/1977,,37,24,0,0,1
4/17/1977,,40,24,0.02,0.4,1
4/18/1977,,44,27,0,0,1
4/19/1977,,42,35,0,0,0
4/20/1977,,48,36,0.08,0,0
4/21/1977,,53,39,0,0,0
4/22/1977,,48,33,0,0,0
4/23/1977,,57,32,0,0,0
4/24/1977,,47,40,0.17,0,0
4/25/1977,,48,38,0.32,0,0
4/26/1977,,43,33,0,0,0
4/27/1977,,44,31,0,0,0
4/28/1977,,41,29,0,0,0
4/29/1977,,36,27,0.17,1.7,0
4/30/1977,,43,33,0,0,1
5/1/1977,,47,36,0,0,0
5/2/1977,,52,37,0,0,0
5/3/1977,,54,41,0,0,0
5/4/1977,,53,35,0,0,0
5/5/1977,,51,35,0.11,0,0
5/6/1977,,47,39,0.11,0,0
5/7/1977,,50,39,0.01,0,0
5/8/1977,,47,38,0.08,0,0
5/9/1977,,48,35,0,0,0
5/10/1977,,52,33,0,0,0
5/11/1977,,51,34,0,0,0
5/12/1977,,54,33,0,0,0
5/13/1977,,58,33,0,0,0
5/14/1977,,60,42,0,0,0
5/15/1977,,57,45,0,0,0
5/16/1977,,56,41,0,0,0
5/17/1977,,56,40,0,0,0
5/18/1977,,58,43,0,0,0
5/19/1977,,53,41,0,0,0
5/20/1977,,53,38,0,0,0
5/21/1977,,55,36,0,0,0
5/22/1977,,55,42,0,0,0
5/23/1977,,55,41,0,0,0
5/24/1977,,49,43,0,0,0
5/25/1977,,56,39,0,0,0
5/26/1977,,60,42,0,0,0
5/27/1977,,58,38,0,0,0
5/28/1977,,60,44,0,0,0
5/29/1977,,55,45,0.15,0,0
5/30/1977,,60,42,0,0,0
5/31/1977,,64,51,0,0,0
6/1/1977,,70,45,0,0,0
6/2/1977,,70,47,0,0,0
6/3/1977,,70,51,0,0,0
6/4/1977,,57,48,0.31,0,0
6/5/1977,,61,47,0.07,0,0
6/6/1977,,60,42,0,0,0
6/7/1977,,62,47,0,0,0
6/8/1977,,62,39,0,0,0
6/9/1977,,63,51,0,0,0
6/10/1977,,66,53,0,0,0
6/11/1977,,69,53,0,0,0
6/12/1977,,64,53,0,0,0
6/13/1977,,64,50,0,0,0
6/14/1977,,69,52,0,0,0
6/15/1977,,69,52,0,0,0
6/16/1977,,62,54,0,0,0
6/17/1977,,62,51,0,0,0
6/18/1977,,63,50,0.01,0,0
6/19/1977,,70,44,0,0,0
6/20/1977,,68,49,0.02,0,0
6/21/1977,,62,50,0.08,0,0
6/22/1977,,64,52,0,0,0
6/23/1977,,64,54,0,0,0
6/24/1977,,70,50,0,0,0
6/25/1977,,69,56,0,0,0
6/26/1977,,66,47,0,0,0
6/27/1977,,65,53,0,0,0
6/28/1977,,71,53,0,0,0
6/29/1977,,69,54,0,0,0
6/30/1977,,69,50,0,0,0
7/1/1977,,74,56,0,0,0
7/2/1977,,73,56,0,0,0
7/3/1977,,70,50,0,0,0
7/4/1977,,69,55,0.31,0,0
7/5/1977,,65,54,0,0,0
7/6/1977,,68,54,0,0,0
7/7/1977,,68,54,0,0,0
7/8/1977,,68,53,0,0,0
7/9/1977,,72,53,0,0,0
7/10/1977,,77,53,0,0,0
7/11/1977,,81,55,0,0,0
7/12/1977,,74,59,0,0,0
7/13/1977,,62,56,0.11,0,0
7/14/1977,,58,53,0.42,0,0
7/15/1977,,65,50,0.04,0,0
7/16/1977,,73,54,0,0,0
7/17/1977,,74,54,0,0,0
7/18/1977,,75,55,0.22,0,0
7/19/1977,,70,57,0.18,0,0
7/20/1977,,68,57,0.03,0,0
7/21/1977,,70,56,0,0,0
7/22/1977,,69,56,0,0,0
7/23/1977,,70,55,0,0,0
7/24/1977,,74,53,0,0,0
7/25/1977,,70,57,0.02,0,0
7/26/1977,,70,59,0,0,0
7/27/1977,,68,52,0,0,0
7/28/1977,,74,49,0,0,0
7/29/1977,,79,56,0,0,0
7/30/1977,,70,58,0.04,0,0
7/31/1977,,65,56,0,0,0
8/1/1977,,71,55,0,0,0
8/2/1977,,64,51,0.12,0,0
8/3/1977,,71,55,0,0,0
8/4/1977,,66,56,0.32,0,0
8/5/1977,,61,52,0,0,0
8/6/1977,,69,51,0,0,0
8/7/1977,,61,56,0.01,0,0
8/8/1977,,66,56,0.06,0,0
8/9/1977,,63,55,0.02,0,0
8/10/1977,,70,56,0.02,0,0
8/11/1977,,71,56,0,0,0
8/12/1977,,65,50,0.27,0,0
8/13/1977,,75,55,0.16,0,0
8/14/1977,,65,55,0.14,0,0
8/15/1977,,65,54,0,0,0
8/16/1977,,70,51,0,0,0
8/17/1977,,71,56,0.23,0,0
8/18/1977,,69,55,0,0,0
8/19/1977,,66,56,0,0,0
8/20/1977,,77,52,0,0,0
8/21/1977,,82,54,0,0,0
8/22/1977,,67,54,0,0,0
8/23/1977,,64,57,0,0,0
8/24/1977,,61,55,0,0,0
8/25/1977,,63,56,0,0,0
8/26/1977,,61,55,0,0,0
8/27/1977,,67,54,0,0,0
8/28/1977,,66,50,0,0,0
8/29/1977,,69,45,0,0,0
8/30/1977,,66,46,0,0,0
8/31/1977,,58,46,0,0,0
9/1/1977,,63,47,0,0,0
9/2/1977,,62,43,0,0,0
9/3/1977,,65,49,0,0,0
9/4/1977,,65,52,0,0,0
9/5/1977,,69,54,0,0,0
9/6/1977,,60,52,0.36,0,0
9/7/1977,,54,47,0.59,0,0
9/8/1977,,59,48,0.14,0,0
9/9/1977,,60,50,0.07,0,0
9/10/1977,,59,50,0.32,0,0
9/11/1977,,61,54,0.07,0,0
9/12/1977,,64,44,0,0,0
9/13/1977,,57,46,0.01,0,0
9/14/1977,,61,47,0,0,0
9/15/1977,,53,41,0.39,0,0
9/16/1977,,60,44,0.05,0,0
9/17/1977,,59,40,0.1,0,0
9/18/1977,,57,37,0.04,0,0
9/19/1977,,55,34,0,0,0
9/20/1977,,57,39,0.15,0,0
9/21/1977,,52,45,0.7,0,0
9/22/1977,,58,44,0.09,0,0
9/23/1977,,53,35,0,0,0
9/24/1977,,55,35,0,0,0
9/25/1977,,58,36,0,0,0
9/26/1977,,56,38,0,0,0
9/27/1977,,58,49,0.1,0,0
9/28/1977,,56,38,0.85,0,0
9/29/1977,,46,35,0.05,1,0
9/30/1977,,49,30,0,0,0
10/1/1977,,51,30,0,0,0
10/2/1977,,52,34,0,0,0
10/3/1977,,53,32,0,0,0
10/4/1977,,52,39,0,0,0
10/5/1977,,49,34,0,0,0
10/6/1977,,47,34,0,0,0
10/7/1977,,50,43,0.03,0,0
10/8/1977,,54,42,0,0,0
10/9/1977,,54,46,0,0,0
10/10/1977,,50,38,0.01,0,0
10/11/1977,,50,42,0.04,0,0
10/12/1977,,56,42,0,0,0
10/13/1977,,51,40,0.27,0,0
10/14/1977,,45,37,0.09,0,0
10/15/1977,,40,33,0.46,2.8,1
10/16/1977,,39,32,0.08,0.4,0
10/17/1977,,32,26,0.32,3.1,4
10/18/1977,,32,9,0,0,4
10/19/1977,,29,8,0,0,3
10/20/1977,,37,26,0.13,0.7,3
10/21/1977,,44,33,0,0,4
10/22/1977,,44,33,0,0,2
10/23/1977,,40,27,0,0,1
10/24/1977,,40,30,0,0,1
10/25/1977,,42,31,0,0,1
10/26/1977,,42,32,0,0,0
10/27/1977,,47,35,0.01,0,0
10/28/1977,,35,32,0.32,3.6,1
10/29/1977,,34,30,0.09,1.5,3
10/30/1977,,35,29,0.01,0.1,4
10/31/1977,,36,31,0.06,1,5
11/1/1977,,31,17,0,0,5
11/2/1977,,24,13,0,0,5
11/3/1977,,26,20,0,0,5
11/4/1977,,32,24,0.18,3.7,4
11/5/1977,,26,17,0.12,3,9
11/6/1977,,28,13,0,0,8
11/7/1977,,23,10,0,0,6
11/8/1977,,19,1,0,0,5
11/9/1977,,16,6,0.02,0.2,5
11/10/1977,,18,,0,0,5
11/11/1977,,20,2,0,0,5
11/12/1977,,19,10,0.12,2.3,7
11/13/1977,,18,5,0,0,6
11/14/1977,,21,3,0,0,6
11/15/1977,,18,14,0.08,3.2,8
11/16/1977,,18,,0,0,8
11/17/1977,,21,2,0.01,0.2,8
11/18/1977,,23,18,0,0,6
11/19/1977,,25,12,0,0,6
11/20/1977,,24,10,0,0,6
11/21/1977,,29,6,0,0,6
11/22/1977,,30,6,0,0,6
11/23/1977,,20,2,0,0,6
11/24/1977,,19,1,0,0,6
11/25/1977,,18,5,0,0,6
11/26/1977,,21,5,0,0,6
11/27/1977,,23,15,0,0,6
11/28/1977,,23,10,0,0,6
11/29/1977,,21,3,0,0,6
11/30/1977,,15,-3,0,0,6
12/1/1977,,11,-5,0,0,6
12/2/1977,,13,-8,0,0,6
12/3/1977,,12,-2,0,0,6
12/4/1977,,8,-9,0,0,6
12/5/1977,,7,-11,0,0,5
12/6/1977,,10,-9,0,0,5
12/7/1977,,10,-9,0,0,5
12/8/1977,,4,-12,0,0,5
12/9/1977,,1,-16,0,0,5
12/10/1977,,5,-15,0,0,5
12/11/1977,,10,-7,0,0,5
12/12/1977,,10,3,0,0,5
12/13/1977,,10,,0,0,4
12/14/1977,,25,9,0,0,4
12/15/1977,,20,17,0.07,1.1,4
12/16/1977,,18,7,0.08,1.1,7
12/17/1977,,11,4,0,0,7
12/18/1977,,10,-5,0,0,7
12/19/1977,,17,-1,0.01,0.3,7
12/20/1977,,25,16,0,0,6
12/21/1977,,29,24,0,0,6
12/22/1977,,28,22,0.01,0.1,6
12/23/1977,,38,27,0.04,0.1,6
12/24/1977,,37,21,0,0,6
12/25/1977,,31,18,0,0,6
12/26/1977,,32,25,0.48,7.9,6
12/27/1977,,33,17,0,0,14
12/28/1977,,25,16,0,0,14
12/29/1977,,25,9,0,0,14
12/30/1977,,22,10,0,0,14
12/31/1977,,19,7,0,0,14
1/1/1978,,22,13,0,0,14
1/2/1978,,19,8,0,0,14
1/3/1978,,15,5,0,0,14
1/4/1978,,16,-1,0,0,14
1/5/1978,,8,-3,0,0,14
1/6/1978,,18,-3,0,0,13
1/7/1978,,15,-5,0,0,12
1/8/1978,,29,10,0,0,12
1/9/1978,,33,29,0,0,11
1/10/1978,,39,26,0,0,11
1/11/1978,,32,23,0,0,10
1/12/1978,,32,21,0,0.2,10
1/13/1978,,28,20,0,0,10
1/14/1978,,25,8,0,0,10
1/15/1978,,21,5,0,0,10
1/16/1978,,19,3,0,0,10
1/17/1978,,26,18,0.05,1,10
1/18/1978,,31,25,0,0,10
1/19/1978,,35,27,0,0,10
1/20/1978,,35,30,0.02,0,10
1/21/1978,,36,29,0.21,3.1,11
1/22/1978,,32,23,0,0,13
1/23/1978,,33,20,0.03,0.8,13
1/24/1978,,36,31,0.07,1.9,14
1/25/1978,,33,17,0,0,14
1/26/1978,,29,19,0.01,0.3,14
1/27/1978,,29,25,0,0,14
1/28/1978,,28,15,0,0,14
1/29/1978,,25,14,0,0,14
1/30/1978,,30,17,0,0,14
1/31/1978,,24,12,0,0,14
2/1/1978,,27,13,0,0,13
2/2/1978,,23,6,0,0,13
2/3/1978,,20,5,0,0,13
2/4/1978,,22,14,0.15,2.9,13
2/5/1978,,22,16,0.43,5.5,18
2/6/1978,,23,12,0.22,4.6,24
2/7/1978,,17,6,0.27,6.2,26
2/8/1978,,20,5,0.12,1.6,29
2/9/1978,,23,9,0,0,27
2/10/1978,,28,19,0,0,27
2/11/1978,,29,19,0,0,23
2/12/1978,,34,23,0,0,22
2/13/1978,,42,29,0,0,22
2/14/1978,,35,21,0,0,21
2/15/1978,,35,18,0,0,20
2/16/1978,,32,22,0,0,20
2/17/1978,,33,21,0,0,20
2/18/1978,,43,23,0,0,20
2/19/1978,,43,30,0,0,19
2/20/1978,,42,27,0,0,18
2/21/1978,,37,18,0,0,17
2/22/1978,,45,30,0,0,16
2/23/1978,,42,32,0,0,16
2/24/1978,,46,30,0,0,15
2/25/1978,,46,37,0,0,13
2/26/1978,,41,24,0,0,13
2/27/1978,,35,23,0,0,12
2/28/1978,,37,16,0,0,12
3/1/1978,,34,10,0,0,12
3/2/1978,,34,9,0,0,12
3/3/1978,,30,5,0,0,12
3/4/1978,,27,4,0,0,12
3/5/1978,,22,5,0,0,12
3/6/1978,,31,19,0,0,12
3/7/1978,,32,22,0,0.3,12
3/8/1978,,35,23,0.02,0.4,12
3/9/1978,,37,25,0.01,0.2,12
3/10/1978,,39,30,0.01,0.1,12
3/11/1978,,38,27,0,0,12
3/12/1978,,39,29,0,0,12
3/13/1978,,37,29,0.01,0.2,12
3/14/1978,,38,27,0,0,11
3/15/1978,,41,30,0,0,11
3/16/1978,,37,29,0.27,6.8,12
3/17/1978,,32,22,0.13,1.5,18
3/18/1978,,33,16,0,0,18
3/19/1978,,35,24,0,0,18
3/20/1978,,41,29,0,0,18
3/21/1978,,40,23,0,0,15
3/22/1978,,35,25,0,0,14
3/23/1978,,35,22,0,0,13
3/24/1978,,36,13,0,0,12
3/25/1978,,37,20,0,0,12
3/26/1978,,40,31,0,0,12
3/27/1978,,41,26,0,0,12
3/28/1978,,41,25,0,0,11
3/29/1978,,46,30,0,0,11
3/30/1978,,42,26,0,0,11
3/31/1978,,44,30,0,0,10
4/1/1978,,38,27,0,0,9
4/2/1978,,37,23,0,0,9
4/3/1978,,39,17,0,0,9
4/4/1978,,45,26,0,0,8
4/5/1978,,43,29,0,0,6
4/6/1978,,43,31,0,0,5
4/7/1978,,44,31,0,0,4
4/8/1978,,48,34,0,0,3
4/9/1978,,47,36,0,0,3
4/10/1978,,44,29,0,0,0
4/11/1978,,42,26,0,0,0
4/12/1978,,44,30,0,0,0
4/13/1978,,47,28,0,0,0
4/14/1978,,47,34,0,0,0
4/15/1978,,45,31,0.02,0,0
4/16/1978,,47,30,0,0,0
4/17/1978,,48,35,0,0,0
4/18/1978,,50,32,0,0,0
4/19/1978,,52,28,0,0,0
4/20/1978,,50,30,0,0,0
4/21/1978,,51,35,0,0,0
4/22/1978,,51,32,0,0,0
4/23/1978,,52,37,0,0,0
4/24/1978,,47,35,0,0,0
4/25/1978,,50,35,0,0,0
4/26/1978,,53,39,0,0,0
4/27/1978,,47,34,0,0,0
4/28/1978,,50,34,0,0,0
4/29/1978,,55,29,0,0,0
4/30/1978,,56,35,0,0,0
5/1/1978,,57,37,0,0,0
5/2/1978,,58,42,0,0,0
5/3/1978,,57,44,0,0,0
5/4/1978,,56,43,0,0,0
5/5/1978,,59,40,0,0,0
5/6/1978,,49,35,0,0,0
5/7/1978,,55,39,0,0,0
5/8/1978,,54,39,0,0,0
5/9/1978,,50,40,0,0,0
5/10/1978,,61,39,0,0,0
5/11/1978,,61,42,0,0,0
5/12/1978,,59,37,0,0,0
5/13/1978,,61,46,0,0,0
5/14/1978,,62,41,0,0,0
5/15/1978,,62,37,0,0,0
5/16/1978,,53,44,0,0,0
5/17/1978,,52,44,0,0,0
5/18/1978,,58,37,0,0,0
5/19/1978,,56,42,0,0,0
5/20/1978,,62,34,0,0,0
5/21/1978,,64,36,0,0,0
5/22/1978,,52,44,0,0,0
5/23/1978,,55,43,0.03,0,0
5/24/1978,,54,44,0,0,0
5/25/1978,,61,42,0,0,0
5/26/1978,,55,45,0,0,0
5/27/1978,,58,43,0,0,0
5/28/1978,,61,40,0,0,0
5/29/1978,,59,45,0,0,0
5/30/1978,,55,41,0,0,0
5/31/1978,,53,40,0,0,0
6/1/1978,,55,45,0,0,0
6/2/1978,,59,44,0,0,0
6/3/1978,,59,44,0,0,0
6/4/1978,,59,47,0,0,0
6/5/1978,,57,46,0,0,0
6/6/1978,,59,47,0,0,0
6/7/1978,,70,47,0,0,0
6/8/1978,,65,53,0,0,0
6/9/1978,,68,50,0,0,0
6/10/1978,,65,49,0,0,0
6/11/1978,,70,45,0.02,0,0
6/12/1978,,66,49,0,0,0
6/13/1978,,57,49,0.01,0,0
6/14/1978,,57,49,1.23,0,0
6/15/1978,,55,48,0.19,0,0
6/16/1978,,53,46,0.43,0,0
6/17/1978,,55,43,0,0,0
6/18/1978,,58,49,0.01,0,0
6/19/1978,,59,50,0.05,0,0
6/20/1978,,68,41,0,0,0
6/21/1978,,63,48,0.02,0,0
6/22/1978,,65,53,0.31,0,0
6/23/1978,,66,53,0,0,0
6/24/1978,,57,51,0.12,0,0
6/25/1978,,58,50,0.29,0,0
6/26/1978,,60,50,0.11,0,0
6/27/1978,,59,51,0.05,0,0
6/28/1978,,66,48,0,0,0
6/29/1978,,64,48,0.17,0,0
6/30/1978,,56,50,0.08,0,0
7/1/1978,,64,51,0,0,0
7/2/1978,,64,48,0,0,0
7/3/1978,,59,52,0.13,0,0
7/4/1978,,65,53,0.09,0,0
7/5/1978,,63,53,0,0,0
7/6/1978,,62,53,0,0,0
7/7/1978,,70,48,0,0,0
7/8/1978,,67,51,0,0,0
7/9/1978,,65,47,0,0,0
7/10/1978,,68,51,0,0,0
7/11/1978,,67,49,0.16,0,0
7/12/1978,,60,53,0,0,0
7/13/1978,,64,54,0.09,0,0
7/14/1978,,63,53,0.12,0,0
7/15/1978,,59,52,0.04,0,0
7/16/1978,,59,53,0.02,0,0
7/17/1978,,65,49,0,0,0
7/18/1978,,70,53,0.2,0,0
7/19/1978,,69,54,0.25,0,0
7/20/1978,,57,52,0.26,0,0
7/21/1978,,57,51,0.32,0,0
7/22/1978,,61,52,0.01,0,0
7/23/1978,,68,48,0,0,0
7/24/1978,,63,56,0.06,0,0
7/25/1978,,68,55,0,0,0
7/26/1978,,67,56,0,0,0
7/27/1978,,72,56,0.03,0,0
7/28/1978,,65,54,0,0,0
7/29/1978,,72,53,0,0,0
7/30/1978,,75,57,0,0,0
7/31/1978,,77,53,0,0,0
8/1/1978,,79,54,0,0,0
8/2/1978,,82,57,0,0,0
8/3/1978,,67,52,0,0,0
8/4/1978,,64,52,0,0,0
8/5/1978,,61,50,0,0,0
8/6/1978,,72,50,0,0,0
8/7/1978,,67,56,0,0,0
8/8/1978,,72,58,0.04,0,0
8/9/1978,,70,57,0,0,0
8/10/1978,,72,57,0,0,0
8/11/1978,,71,56,0,0,0
8/12/1978,,67,57,0,0,0
8/13/1978,,65,55,0.11,0,0
8/14/1978,,64,49,0.22,0,0
8/15/1978,,69,48,0,0,0
8/16/1978,,61,55,0.07,0,0
8/17/1978,,65,52,0,0,0
8/18/1978,,74,48,0,0,0
8/19/1978,,71,50,0,0,0
8/20/1978,,71,56,0.08,0,0
8/21/1978,,71,52,0,0,0
8/22/1978,,73,46,0,0,0
8/23/1978,,71,45,0,0,0
8/24/1978,,75,45,0,0,0
8/25/1978,,73,44,0,0,0
8/26/1978,,71,51,0,0,0
8/27/1978,,63,43,0,0,0
8/28/1978,,62,46,0,0,0
8/29/1978,,61,43,0.01,0,0
8/30/1978,,61,49,0,0,0
8/31/1978,,61,48,0.01,0,0
9/1/1978,,71,47,0,0,0
9/2/1978,,68,46,0,0,0
9/3/1978,,70,49,0,0,0
9/4/1978,,65,46,0.02,0,0
9/5/1978,,62,53,0.9,0,0
9/6/1978,,60,46,0,0,0
9/7/1978,,59,47,0.11,0,0
9/8/1978,,61,51,0.2,0,0
9/9/1978,,55,42,0.42,0,0
9/10/1978,,59,42,0.17,0,0
9/11/1978,,61,49,0.01,0,0
9/12/1978,,64,51,0.06,0,0
9/13/1978,,64,48,0,0,0
9/14/1978,,62,48,0,0,0
9/15/1978,,60,49,0.04,0,0
9/16/1978,,60,42,0.07,0,0
9/17/1978,,61,37,0,0,0
9/18/1978,,59,49,0.02,0,0
9/19/1978,,52,38,0.04,0,0
9/20/1978,,54,46,0.02,0,0
9/21/1978,,54,41,0.08,0,0
9/22/1978,,53,39,0,0,0
9/23/1978,,54,32,0,0,0
9/24/1978,,55,46,0,0,0
9/25/1978,,55,46,0,0,0
9/26/1978,,55,40,0,0,0
9/27/1978,,60,35,0,0,0
9/28/1978,,59,36,0,0,0
9/29/1978,,58,32,0,0,0
9/30/1978,,54,30,0,0,0
10/1/1978,,50,39,0.37,0,0
10/2/1978,,46,35,0,0,0
10/3/1978,,44,33,0,0,0
10/4/1978,,43,36,0.02,0,0
10/5/1978,,50,40,0.03,0,0
10/6/1978,,52,40,0,0,0
10/7/1978,,49,42,0.16,0,0
10/8/1978,,48,43,0.34,0,0
10/9/1978,,48,37,0,0,0
10/10/1978,,52,34,0,0,0
10/11/1978,,48,44,0,0,0
10/12/1978,,52,40,0,0,0
10/13/1978,,47,37,0.01,0,0
10/14/1978,,44,33,0,0,0
10/15/1978,,43,27,0,0,0
10/16/1978,,44,35,0,0,0
10/17/1978,,51,39,0.13,0,0
10/18/1978,,51,43,0.02,0,0
10/19/1978,,47,36,0,0,0
10/20/1978,,43,34,0.14,0,0
10/21/1978,,34,30,0.05,1.3,0
10/22/1978,,36,24,0,0,0
10/23/1978,,32,18,0,0,0
10/24/1978,,44,30,0,0,0
10/25/1978,,39,32,0.06,0,0
10/26/1978,,38,34,0.07,0.3,0
10/27/1978,,39,30,0,0,0
10/28/1978,,33,28,0.01,0.1,0
10/29/1978,,50,31,0.06,0,0
10/30/1978,,38,32,0.18,2.2,0
10/31/1978,,34,26,0,0,2
11/1/1978,,35,27,0,0,2
11/2/1978,,33,21,0.02,0.3,2
11/3/1978,,27,11,0,0,2
11/4/1978,,38,26,0,0.1,2
11/5/1978,,36,28,0,0,2
11/6/1978,,37,31,0.03,0.6,1
11/7/1978,,34,23,0,0,2
11/8/1978,,25,13,0,0,2
11/9/1978,,31,20,0,0,2
11/10/1978,,33,26,0,0,2
11/11/1978,,33,26,0,0.1,2
11/12/1978,,32,27,0.18,1.8,2
11/13/1978,,32,14,0.02,0.2,4
11/14/1978,,27,6,0,0,4
11/15/1978,,31,7,0,0,1
11/16/1978,,25,2,0,0,1
11/17/1978,,21,,0,0,1
11/18/1978,,25,12,0,0,1
11/19/1978,,29,24,0.1,1.9,1
11/20/1978,,34,29,0.02,0.4,3
11/21/1978,,42,28,0.32,2.2,4
11/22/1978,,39,23,0.01,0,1
11/23/1978,,27,20,0,0,1
11/24/1978,,23,14,0,0,1
11/25/1978,,27,18,0,0.1,0
11/26/1978,,45,27,0,0,0
11/27/1978,,41,30,0.06,0,0
11/28/1978,,40,30,0.05,0,0
11/29/1978,,33,28,0.04,0.8,0
11/30/1978,,30,22,0,0,1
12/1/1978,,36,23,0.17,2.3,1
12/2/1978,,35,31,0.56,8.4,5
12/3/1978,,33,22,0.05,1.3,12
12/4/1978,,38,20,0.02,0.4,11
12/5/1978,,28,23,0.25,2.7,11
12/6/1978,,35,27,0.46,4.1,17
12/7/1978,,42,33,0.06,0.2,15
12/8/1978,,42,32,0,0,13
12/9/1978,,39,28,0,0,12
12/10/1978,,37,30,0,0,11
12/11/1978,,31,17,0,0,11
12/12/1978,,27,21,0,0,11
12/13/1978,,33,27,0.01,0.1,11
12/14/1978,,29,12,0.02,0.2,11
12/15/1978,,14,-6,0,0,11
12/16/1978,,8,-11,0,0,11
12/17/1978,,18,5,0.26,4.8,11
12/18/1978,,27,2,0.18,2.2,16
12/19/1978,,20,3,0.09,2.2,17
12/20/1978,,20,10,0,0,18
12/21/1978,,18,-1,0,0,18
12/22/1978,,19,4,0.06,0.7,18
12/23/1978,,27,12,0.07,1.2,18
12/24/1978,,25,6,0,0.1,19
12/25/1978,,19,5,0.29,3.7,19
12/26/1978,,20,15,0.02,0.3,21
12/27/1978,,22,10,0.03,0.3,20
12/28/1978,,28,10,0,0,18
12/29/1978,,30,19,0,0,18
12/30/1978,,27,21,0,0,18
12/31/1978,,28,22,0,0,17
1/1/1979,,28,18,0,0,17
1/2/1979,,27,12,0,0,17
1/3/1979,,23,9,0,0,16
1/4/1979,,22,4,0,0,16
1/5/1979,,29,20,0,0,16
1/6/1979,,32,14,0,0,15
1/7/1979,,27,14,0,0,15
1/8/1979,,27,12,0,0,15
1/9/1979,,25,15,0,0,14
1/10/1979,,27,11,0,0,14
1/11/1979,,28,18,0,0,14
1/12/1979,,31,19,0,0,14
1/13/1979,,32,27,0,0,14
1/14/1979,,31,20,0,0,14
1/15/1979,,33,27,0,0,14
1/16/1979,,40,32,0.02,0.2,14
1/17/1979,,34,22,0,0,14
1/18/1979,,30,14,0,0,14
1/19/1979,,23,1,0,0,14
1/20/1979,,19,3,0,0,14
1/21/1979,,32,18,0,0,14
1/22/1979,,32,26,0,0,14
1/23/1979,,30,24,0.01,0.2,14
1/24/1979,,27,17,0,0,14
1/25/1979,,33,25,0.02,0.3,14
1/26/1979,,29,8,0.02,0.5,15
1/27/1979,,22,6,0,0.1,15
1/28/1979,,28,20,0.11,2,17
1/29/1979,,28,10,0,0,16
1/30/1979,,25,9,0.02,0.3,16
1/31/1979,,27,24,0.03,0,16
2/1/1979,,30,27,0.43,3.2,16
2/2/1979,,30,3,0.26,3,22
2/3/1979,,8,-3,0,0,21
2/4/1979,,15,-8,0,0,21
2/5/1979,,19,-8,0,0,21
2/6/1979,,17,9,0,0,20
2/7/1979,,12,6,0,0,18
2/8/1979,,18,4,0,0,16
2/9/1979,,20,2,0,0,16
2/10/1979,,17,-4,0,0,15
2/11/1979,,18,-11,0,0,15
2/12/1979,,15,-7,0,0,15
2/13/1979,,13,-2,0,0,15
2/14/1979,,20,5,0,0,15
2/15/1979,,23,3,0,0,15
2/16/1979,,20,-5,0,0,15
2/17/1979,,19,-2,0,0,15
2/18/1979,,17,-8,0,0,15
2/19/1979,,21,-4,0,0,15
2/20/1979,,21,-4,0,0,15
2/21/1979,,23,-5,0,0,15
2/22/1979,,25,2,0,0,15
2/23/1979,,22,-1,0,0,15
2/24/1979,,24,-2,0,0,15
2/25/1979,,29,18,0,0,15
2/26/1979,,28,14,0,0,15
2/27/1979,,25,2,0,0,15
2/28/1979,,24,-2,0,0,15
3/1/1979,,26,6,0,0,15
3/2/1979,,28,18,0,0,15
3/3/1979,,28,21,0,0,15
3/4/1979,,34,23,0,0.1,15
3/5/1979,,38,30,0,0,15
3/6/1979,,45,31,0.04,0.1,15
3/7/1979,,41,30,0.02,0.3,15
3/8/1979,,38,28,0,0,15
3/9/1979,,42,28,0,0,14
3/10/1979,,42,30,0,0,14
3/11/1979,,37,29,0,0,13
3/12/1979,,39,29,0,0,12
3/13/1979,,42,29,0,0,12
3/14/1979,,38,24,0,0,12
3/15/1979,,38,31,0.35,5.8,12
3/16/1979,,33,25,0.13,2,18
3/17/1979,,33,27,0.6,10.1,18
3/18/1979,,35,30,0.25,3.8,28
3/19/1979,,36,27,0.38,5.2,27
3/20/1979,,38,25,0.33,0.6,25
3/21/1979,,47,37,0.04,0,20
3/22/1979,,39,35,0.29,0,14
3/23/1979,,41,29,0.04,0,11
3/24/1979,,41,26,0,0,11
3/25/1979,,39,26,0,0,11
3/26/1979,,39,27,0.29,3,11
3/27/1979,,39,26,0,0,13
3/28/1979,,39,16,0,0,12
3/29/1979,,36,13,0,0,12
3/30/1979,,36,14,0,0,12
3/31/1979,,34,27,0,0,11
4/1/1979,,38,26,0,0,11
4/2/1979,,37,29,0.07,1.1,11
4/3/1979,,36,32,0.19,1.7,12
4/4/1979,,41,35,0.05,0,11
4/5/1979,,40,30,0,0,9
4/6/1979,,39,28,0,0,9
4/7/1979,,46,32,0,0,9
4/8/1979,,48,32,0,0,9
4/9/1979,,45,37,0,0,8
4/10/1979,,41,34,0.31,0,7
4/11/1979,,42,30,0,0,6
4/12/1979,,41,26,0,0,2
4/13/1979,,39,25,0,0,1
4/14/1979,,40,24,0,0,1
4/15/1979,,40,25,0,0,0
4/16/1979,,44,27,0,0,0
4/17/1979,,45,33,0,0,0
4/18/1979,,41,36,0.05,0,0
4/19/1979,,45,35,0,0,0
4/20/1979,,45,37,0,0,0
4/21/1979,,45,35,0,0,0
4/22/1979,,48,33,0,0,0
4/23/1979,,45,30,0.04,0,0
4/24/1979,,55,42,0.07,0,0
4/25/1979,,49,39,0.16,0,0
4/26/1979,,49,32,0,0,0
4/27/1979,,48,37,0,0,0
4/28/1979,,62,33,0,0,0
4/29/1979,,52,40,0,0,0
4/30/1979,,63,42,0,0,0
5/1/1979,,57,43,0,0,0
5/2/1979,,51,40,0,0,0
5/3/1979,,53,37,0,0,0
5/4/1979,,56,42,0,0,0
5/5/1979,,53,41,0.05,0,0
5/6/1979,,52,42,0.03,0,0
5/7/1979,,49,42,0.02,0,0
5/8/1979,,51,39,0.02,0,0
5/9/1979,,52,38,0,0,0
5/10/1979,,53,37,0,0,0
5/11/1979,,55,42,0.03,0,0
5/12/1979,,58,40,0,0,0
5/13/1979,,59,34,0,0,0
5/14/1979,,56,46,0,0,0
5/15/1979,,59,38,0,0,0
5/16/1979,,50,44,0,0,0
5/17/1979,,56,41,0,0,0
5/18/1979,,57,43,0,0,0
5/19/1979,,59,44,0,0,0
5/20/1979,,59,43,0,0,0
5/21/1979,,57,41,0,0,0
5/22/1979,,60,37,0,0,0
5/23/1979,,56,44,0,0,0
5/24/1979,,60,43,0,0,0
5/25/1979,,64,46,0,0,0
5/26/1979,,73,41,0,0,0
5/27/1979,,73,45,0,0,0
5/28/1979,,74,52,0,0,0
5/29/1979,,61,52,0,0,0
5/30/1979,,64,50,0,0,0
5/31/1979,,65,42,0,0,0
6/1/1979,,67,51,0,0,0
6/2/1979,,60,46,0,0,0
6/3/1979,,58,45,0,0,0
6/4/1979,,61,44,0,0,0
6/5/1979,,64,41,0,0,0
6/6/1979,,60,48,0,0,0
6/7/1979,,61,49,0,0,0
6/8/1979,,63,50,0,0,0
6/9/1979,,71,47,0,0,0
6/10/1979,,67,55,0,0,0
6/11/1979,,70,54,0,0,0
6/12/1979,,70,51,0,0,0
6/13/1979,,63,47,0.03,0,0
6/14/1979,,70,42,0,0,0
6/15/1979,,70,47,0,0,0
6/16/1979,,56,51,0.16,0,0
6/17/1979,,63,47,0,0,0
6/18/1979,,64,44,0,0,0
6/19/1979,,60,49,0.1,0,0
6/20/1979,,62,52,0.14,0,0
6/21/1979,,68,50,0,0,0
6/22/1979,,71,47,0,0,0
6/23/1979,,71,50,0,0,0
6/24/1979,,60,50,0,0,0
6/25/1979,,60,48,0.56,0,0
6/26/1979,,56,46,0.62,0,0
6/27/1979,,57,46,0.04,0,0
6/28/1979,,61,47,0.14,0,0
6/29/1979,,67,45,0,0,0
6/30/1979,,68,46,0,0,0
7/1/1979,,70,50,0.01,0,0
7/2/1979,,74,51,0,0,0
7/3/1979,,79,58,0,0,0
7/4/1979,,71,57,0.69,0,0
7/5/1979,,62,56,0.08,0,0
7/6/1979,,61,56,0,0,0
7/7/1979,,66,49,0,0,0
7/8/1979,,64,55,0.01,0,0
7/9/1979,,68,54,0,0,0
7/10/1979,,76,51,0,0,0
7/11/1979,,71,54,0,0,0
7/12/1979,,58,55,0.53,0,0
7/13/1979,,68,55,0,0,0
7/14/1979,,58,55,0.54,0,0
7/15/1979,,59,53,0.35,0,0
7/16/1979,,61,54,0.14,0,0
7/17/1979,,70,55,0,0,0
7/18/1979,,65,57,0.22,0,0
7/19/1979,,68,56,0,0,0
7/20/1979,,72,56,0,0,0
7/21/1979,,64,57,0.12,0,0
7/22/1979,,69,55,0,0,0
7/23/1979,,65,55,0.1,0,0
7/24/1979,,59,56,0.91,0,0
7/25/1979,,63,52,0.07,0,0
7/26/1979,,67,48,0,0,0
7/27/1979,,67,55,0,0,0
7/28/1979,,71,50,0,0,0
7/29/1979,,65,55,0,0,0
7/30/1979,,69,55,0.05,0,0
7/31/1979,,64,56,0.02,0,0
8/1/1979,,71,56,0.02,0,0
8/2/1979,,71,55,0,0,0
8/3/1979,,69,53,0,0,0
8/4/1979,,67,50,0,0,0
8/5/1979,,68,55,0.02,0,0
8/6/1979,,65,59,0.04,0,0
8/7/1979,,60,58,0.17,0,0
8/8/1979,,68,56,0.1,0,0
8/9/1979,,65,54,0,0,0
8/10/1979,,60,57,0.11,0,0
8/11/1979,,61,56,0.06,0,0
8/12/1979,,67,56,0.02,0,0
8/13/1979,,63,56,0.06,0,0
8/14/1979,,61,57,0.29,0,0
8/15/1979,,60,56,0.02,0,0
8/16/1979,,62,55,0.22,0,0
8/17/1979,,65,56,0.1,0,0
8/18/1979,,65,53,0,0,0
8/19/1979,,66,55,0.02,0,0
8/20/1979,,65,53,0.07,0,0
8/21/1979,,67,46,0,0,0
8/22/1979,,70,47,0,0,0
8/23/1979,,73,50,0,0,0
8/24/1979,,70,50,0,0,0
8/25/1979,,68,47,0,0,0
8/26/1979,,68,47,0,0,0
8/27/1979,,68,50,0,0,0
8/28/1979,,66,50,0,0,0
8/29/1979,,56,43,0.24,0,0
8/30/1979,,59,40,0,0,0
8/31/1979,,64,40,0,0,0
9/1/1979,,64,37,0,0,0
9/2/1979,,64,39,0,0,0
9/3/1979,,58,44,0,0,0
9/4/1979,,65,49,0,0,0
9/5/1979,,66,46,0,0,0
9/6/1979,,65,36,0,0,0
9/7/1979,,65,43,0,0,0
9/8/1979,,66,43,0,0,0
9/9/1979,,68,39,0,0,0
9/10/1979,,65,47,0,0,0
9/11/1979,,69,43,0,0,0
9/12/1979,,60,50,0.02,0,0
9/13/1979,,58,52,0.25,0,0
9/14/1979,,60,53,0.11,0,0
9/15/1979,,61,48,0.03,0,0
9/16/1979,,60,45,0.01,0,0
9/17/1979,,56,50,0.2,0,0
9/18/1979,,57,53,0.08,0,0
9/19/1979,,63,50,0.42,0,0
9/20/1979,,56,50,0.4,0,0
9/21/1979,,54,47,0.1,0,0
9/22/1979,,53,48,0.05,0,0
9/23/1979,,54,48,0.14,0,0
9/24/1979,,51,45,0.04,0,0
9/25/1979,,52,43,0.03,0,0
9/26/1979,,50,43,0.05,0,0
9/27/1979,,45,42,0.71,0,0
9/28/1979,,52,42,0.09,0,0
9/29/1979,,53,35,0,0,0
9/30/1979,,56,42,0,0,0
10/1/1979,,57,43,0,0,0
10/2/1979,,54,44,0.14,0,0
10/3/1979,,53,41,0.02,0,0
10/4/1979,,53,41,0.03,0,0
10/5/1979,,52,44,0.21,0,0
10/6/1979,,56,47,0,0,0
10/7/1979,,54,37,0,0,0
10/8/1979,,47,41,0.49,0,0
10/9/1979,,55,42,0.15,0,0
10/10/1979,,54,46,0,0,0
10/11/1979,,53,36,0.03,0,0
10/12/1979,,48,39,0.02,0,0
10/13/1979,,50,32,0.04,0,0
10/14/1979,,47,29,0,0,0
10/15/1979,,47,33,0,0,0
10/16/1979,,50,36,0,0,0
10/17/1979,,41,32,0,0,0
10/18/1979,,45,33,0,0,0
10/19/1979,,43,29,0,0,0
10/20/1979,,39,23,0,0,0
10/21/1979,,35,26,0,0,0
10/22/1979,,40,34,0,0,0
10/23/1979,,38,34,0.02,0,0
10/24/1979,,37,30,0.07,0,0
10/25/1979,,39,35,0,0,0
10/26/1979,,36,32,0.02,0,0
10/27/1979,,36,34,0.37,2.6,0
10/28/1979,,36,33,0.14,1.7,1
10/29/1979,,50,34,0,0,1
10/30/1979,,48,37,0.75,0,0
10/31/1979,,43,36,0.04,0,0
11/1/1979,,46,36,0,0,0
11/2/1979,,42,35,0.08,0,0
11/3/1979,,38,29,0,0,0
11/4/1979,,33,22,0,0,0
11/5/1979,,30,20,0,0,0
11/6/1979,,49,29,0.19,0,0
11/7/1979,,49,38,0.19,0,0
11/8/1979,,52,41,0,0,0
11/9/1979,,53,45,0.1,0,0
11/10/1979,,50,45,0.18,0,0
11/11/1979,,46,38,0.22,0,0
11/12/1979,,46,34,0.53,3.2,0
11/13/1979,,34,19,0.36,2.7,5
11/14/1979,,27,16,0,0,5
11/15/1979,,47,22,0.16,0,5
11/16/1979,,39,33,0,0,0
11/17/1979,,33,20,0.1,1.1,0
11/18/1979,,23,20,0.05,0.9,1
11/19/1979,,30,22,0,0,1
11/20/1979,,38,25,0.04,0,1
11/21/1979,,32,26,0.05,0.6,1
11/22/1979,,38,23,0.21,2.1,2
11/23/1979,,32,19,0.05,1.1,3
11/24/1979,,28,19,0,0,4
11/25/1979,,40,22,0,0,4
11/26/1979,,35,20,0.14,2,4
11/27/1979,,40,20,0,0,3
11/28/1979,,45,33,0.01,0,3
11/29/1979,,45,36,0.11,0,0
11/30/1979,,36,26,0,0,0
12/1/1979,,27,21,0,0,0
12/2/1979,,30,24,0.11,1.1,0
12/3/1979,,36,18,0.01,0.1,1
12/4/1979,,37,23,0.11,1.1,1
12/5/1979,,27,7,0.03,0.3,2
12/6/1979,,16,6,0,0,2
12/7/1979,,16,6,0.02,0.2,2
12/8/1979,,17,2,0,0,2
12/9/1979,,14,-8,0.07,0.7,2
12/10/1979,,19,7,0.11,1.3,5
12/11/1979,,11,-8,0,0,4
12/12/1979,,2,-2,0,0,3
12/13/1979,,2,-7,0,0,2
12/14/1979,,6,-9,0,0,1
12/15/1979,,5,-6,0,0,1
12/16/1979,,15,-4,0,0,1
12/17/1979,,18,8,0.13,1.4,1
12/18/1979,,10,-10,0.26,3.9,4
12/19/1979,,5,-10,0.04,1,8
12/20/1979,,18,5,0.01,0.2,7
12/21/1979,,16,4,0,0,6
12/22/1979,,4,-1,0,0,6
12/23/1979,,4,-12,0,0,6
12/24/1979,,19,-3,0.02,0.2,6
12/25/1979,,31,15,0,0,5
12/26/1979,,36,23,0,0,5
12/27/1979,,35,24,0.04,0.6,5
12/28/1979,,27,15,0.17,3.3,5
12/29/1979,,15,2,0.02,0.6,8
12/30/1979,,2,-12,0,0,8
12/31/1979,,-3,-16,0,0,8
